predictor,coefficient,se,t_stat,p_value,ci_lower,ci_upper
x0,1.3665575244723982,0.4656031546393441,2.9350263434768453,0.003335193713578506,0.45399211029105035,2.279122938653746
x1,-183.5765511375721,100.98495077523508,-1.8178604804805358,0.06908545986684667,-381.5034176375831,14.350315362438863
x2,-0.13661253524346562,0.07280479128510792,-1.8764223182576372,0.06059731232616691,-0.27930730406423276,0.006082233577301505
x3,0.0006909628794216761,0.00021357944811835602,3.2351562170849695,0.0012157619363324754,0.00027235485327175733,0.001109570905571595
x4,0.00013705929578078016,0.00011116482923669176,1.2329375821641753,0.2175990525324769,-8.081976587068091e-05,0.0003549383574322412
x5,-1.6807825585698387e-05,1.0472162392756015e-05,-1.6050004722353224,0.10849370074643527,-3.7332886715754975e-05,3.7172355443582e-06
x6,-1.3565156896425685e-05,8.27307477023708e-06,-1.639675365346293,0.10107268366676751,-2.9780085487497347e-05,2.6497716946459774e-06
x7,6.218090592699437e-05,0.0001158543852102313,0.5367160320617977,0.5914637801476301,-0.00016488951653608887,0.00028925132839007764
x8,0.0002137547433337881,9.170860167592867e-05,2.3308036479406233,0.019763715684170898,3.4009186976438285e-05,0.0003935002996911379
x9,-0.000998966168011771,1.84235429331625e-05,-54.222261789485955,0.0,-0.001035075648628397,-0.000962856687395145
x10,-2.6022614884877026e-05,1.342043418132711e-05,-1.9390292842450885,0.05249777242703049,-5.2326182537168445e-05,2.809527674143963e-07
x11,-2.134512762481906e-06,1.4372980819062728e-05,-0.14850870458624177,0.8819413168632145,-3.030503751832986e-05,2.6036011993366047e-05
x12,9.574785915931035e-06,8.470816847606074e-06,1.1303261643104645,0.25833881359108235,-7.027710025011986e-06,2.6177281856874056e-05
x13,-0.08512740588802425,0.04709735454838444,-1.8074774412344214,0.07068786893942534,-0.17743652456997147,0.007181712793922962
x14,-0.0985659723652757,0.04205722663229254,-2.3436155985044054,0.01909784305229057,-0.18099662185420787,-0.016135322876343533
x15,0.00584691145256927,0.0025466618674281362,2.295911965130276,0.02168091547561015,0.0008555459116086055,0.010838276993529935
x16,-0.006893299340852662,0.0025001533898524257,-2.757150568773521,0.005830749572897567,-0.011793509940789145,-0.0019930887409161787
x17,0.0027295308660772663,0.002448479623899093,1.1147860245333028,0.2649421267166744,-0.002069401013645133,0.007528462745799666
x18,-0.0011041311390039103,0.002390566782567415,-0.4618700247386932,0.644174530988451,-0.005789555935473838,0.0035812936574660175
x19,-5.440966064795816,2.222923295252693,-2.4476625335726254,0.014378625739674907,-9.797815663886192,-1.0841164657054403
x20,-4.768876504683675,1.9937034136759475,-2.3919688715840253,0.016758263624591315,-8.676463391343093,-0.8612896180242573
x21,-188.21007472547353,99.50960275822551,-1.8913760030050566,0.05857416958607679,-383.2453122474832,6.825162796536091
x22,0.007269960777475146,0.0029240364020848364,2.4862757427683415,0.012908790045572879,0.0015389547399047862,0.013000966815045506
x23,0.004911345706183328,0.0015918831825362234,3.085242535421766,0.0020338622747615095,0.0017913120008173295,0.008031379411549328
x24,-0.003342680989183209,0.0008821328304670934,-3.789317066244144,0.0001510620058183643,-0.00507162956647909,-0.0016137324118873286
x25,-0.0009769921022607791,0.00031140261711000677,-3.137392072448912,0.0017045801764107602,-0.0015873300164879088,-0.0003666541880336494
x26,0.0011810572879093137,0.002990300887829759,0.394962691786671,0.6928704218461961,-0.004679824755175162,0.007041939330993789
x27,0.0001898508478429626,5.292310467532708e-05,3.5872961158960814,0.00033412480671347173,8.612346872927816e-05,0.000293578226956647
x28,0.002758666125288821,0.0007757494898186243,3.5561301186724807,0.0003763577287256169,0.001238225064218996,0.004279107186358646
x29,-0.25132569998322296,0.06914743645903379,-3.634635105122374,0.0002783743493971651,-0.386852185066201,-0.11579921490024489
x30,-0.20742298669962222,0.0638240615358995,-3.249918317764089,0.0011543816031470376,-0.3325158486570534,-0.08233012474219104
x31,-0.01255663937761875,0.009179596683348522,-1.3678857373326727,0.17134784486085697,-0.030548318269585185,0.005435039514347685
x32,-0.026023745009575272,0.011300199855426768,-2.3029455533990153,0.02128190668337731,-0.048171729744316466,-0.0038757602748340815
x33,0.09526443659844563,0.023155872132540212,4.114050900487292,3.88775650401958e-05,0.049879761188052124,0.14064911200883914
x34,0.0025869409865945103,0.0035431238609347766,0.7301299892778803,0.4653107317991423,-0.0043574541736021545,0.009531336146791174
x35,-0.0026268609701151358,0.003546348629697376,-0.7407227107108464,0.45886158623996864,-0.009577576560944965,0.004323854620714693
x36,-2.0744650011625312e-05,1.0798697989051181e-05,-1.921032520092547,0.054727607783761595,-4.1909709150090736e-05,4.20409126840109e-07
x37,188.4341474579487,99.57683134981419,1.8923493035842653,0.058444455906817364,-6.732855682306081,383.6011505982035
x38,-0.5296262869860087,0.31692147444232055,-1.671159355540611,0.09469020598238692,-1.150780962820288,0.09152838884827086
x39,-0.007981405551018228,0.005588765642594485,-1.4281159850734055,0.15325847723878364,-0.01893518492853827,0.0029723738265018153
x40,-0.025270372423915038,0.011953121909570737,-2.114123206898887,0.03450474555965694,-0.048698060869490314,-0.0018426839783397576
x41,0.04128360028898387,0.014718244779959765,2.804926871796239,0.00503279966997374,0.012436370604618077,0.07013082997334966
x42,-0.009680554431963383,0.006284934712023777,-1.5402792352708787,0.12349230304301356,-0.0219988001127156,0.002637691248788836
x43,0.16975336559256204,0.048603946787251905,3.4925839733880593,0.00047837115978602805,0.07449138038304705,0.26501535080207705
x44,0.08970502410055115,0.039692535610183474,2.25999731993782,0.02382141717261366,0.011909083849517957,0.16750096435158435
x45,-1.4280032415840823e-05,7.494882825691785e-05,-0.19053042920017582,0.8488935008383167,-0.0001611770364828777,0.00013261697165119606
x46,0.2940947378885197,0.10213334139369369,2.879517441369825,0.0039828426715878065,0.09391706713614617,0.4942724086408932
x47,-0.9977002794983678,0.0006483574342642221,-1538.8121224068198,0.0,-0.9989710367186345,-0.9964295222781011
x48,1.3399145362880436e-07,9.64247539934357e-08,1.3895960122224016,0.16465158737752894,-5.499759141646437e-08,3.2298049867407306e-07
x49,188.92326021609188,99.53115815196776,1.898131838550869,0.05767871697736559,-6.154225101325125,384.00074553350885
x50,-188.91468828055804,99.5263199653159,-1.8981379834640046,0.05767790770910022,-383.9826909263869,6.153314365270859
x51,-188.9324586652874,99.51843456450037,-1.8984669472753373,0.057634597850826745,-383.98500620951415,6.120088878939356
