,average_fillable_items,avg_branching_factor,bound_gap_variance,bound_variance,capacity_density,capacity_ratio,capacity_utilization,cell_value_variance,cells_allocated,dp_mean_improvement_amount,dp_sum_improvement_amount,duplicate_items,duplicate_pairs,duplicate_ratio_fraction,exclude_count,explored_children,explored_generated_ratio,fill_rate,final_queue_size,first_improvement_node,first_skipped_position,improvement_count,include_count,include_ratio,internal_nodes,kendall_corr,last_improvement_node,last_selected_position,leaf_nodes,left_branches,max_bound,max_depth,max_queue_size,max_value,max_weight,mean_bound,mean_bound_gap,mean_cell_value,mean_depth,mean_improvement_amount,mean_queue_size,mean_ratio,mean_value,mean_weight,median_depth,median_ratio,median_value,median_weight,memory_bytes,memory_mb,min_bound,min_depth,min_value,min_weight,nodes_explored,nodes_generated,nodes_pruned,nonzero_value_states,pearson_corr,pruned_by_bound,pruned_by_cap,pruned_generated_ratio,ratio_entropy,residual_capacity,right_branches,selected_count,skipped_by_bound,skipped_by_cap,skipped_children,skipped_infeasible,slack,solution_density,solution_value,spearman_corr,std_ratio,std_value,std_weight,sum_improvement_amount,tie_count,time_millis,time_nanos,total_evaluations,total_value,total_weight,unique_pairs,unique_ratio_count,unique_values,unique_weights,updates_per_cell,value_cv,value_kurtosis,value_skewness,weight_cv,weight_kurtosis,weight_skewness,zero_value_states
average_fillable_items,1.000000,0.304357,0.594224,-0.014700,0.525952,0.528886,0.264774,0.930548,0.999680,0.141372,0.874904,0.271309,0.282776,0.318929,0.951126,0.459605,-0.316005,0.218466,0.267441,,0.985895,0.984110,0.959881,0.448439,0.458954,-0.000555,0.319384,0.802952,,0.292488,0.956442,0.627430,0.168027,0.216148,0.224916,0.956583,0.600693,0.891245,0.811295,0.161968,0.293792,-0.004975,0.002273,-0.000709,0.838056,-0.023113,0.008686,0.002583,0.163790,0.163790,0.956989,,-0.205290,-0.225733,0.264369,0.459605,0.073398,0.999680,-0.000863,0.125365,0.436170,0.246260,-0.165129,0.078996,0.458959,0.986770,0.086345,,0.448134,0.448198,0.220712,0.496509,0.956583,0.000061,0.056727,0.067771,0.073122,0.956585,0.558611,0.266593,0.266593,0.964134,0.598522,0.598529,0.587991,0.588599,0.594109,0.593945,0.992134,0.017356,-0.083964,-0.000644,0.024395,-0.096595,-0.000518,-0.225733
avg_branching_factor,0.304357,1.000000,0.014192,-0.141736,0.127358,0.128112,0.102715,0.303232,0.303801,0.036026,0.316845,0.253643,0.259742,0.285521,0.280603,0.596188,-0.846899,0.156551,0.861435,,0.323952,0.320712,0.300023,0.076949,0.516541,-0.046182,0.120326,0.263685,,0.832930,0.326864,0.261360,0.478941,0.091861,0.130711,0.326868,0.007168,0.332873,0.342357,-0.003819,0.832448,0.023980,0.009798,-0.005818,0.333092,-0.009581,0.019066,-0.000202,0.473540,0.473540,0.327378,,-0.141404,-0.156738,0.291384,0.596188,0.026137,0.303833,-0.046792,0.045362,0.526739,-0.159807,-0.079308,0.179676,0.517393,0.323660,0.023633,,0.408949,0.409702,0.146372,0.127104,0.326759,-0.046262,0.071264,0.023251,0.033139,0.326740,0.149642,0.341913,0.341913,0.294387,0.246869,0.247006,0.213062,0.212682,0.251881,0.252406,0.316941,-0.009408,-0.045254,-0.020725,0.010577,-0.053633,-0.011637,-0.156738
bound_gap_variance,0.594224,0.014192,1.000000,0.197129,0.239831,0.240892,0.127902,0.664440,0.594525,0.105370,0.609387,-0.028198,-0.029449,-0.043883,0.630076,-0.049533,0.031459,0.101500,-0.026129,,0.571632,0.558134,0.612642,0.204207,-0.050039,-0.014091,-0.029631,0.512018,,-0.028812,0.617775,0.361654,-0.015615,0.096379,0.117011,0.617755,0.949813,0.584753,0.332379,0.128809,-0.028920,0.007365,-0.004347,0.001643,0.376368,-0.017729,0.000245,0.004520,-0.014151,-0.014150,0.617400,,-0.112064,-0.117248,-0.025734,-0.049533,-0.006156,0.594519,-0.014090,-0.010422,-0.044448,0.357565,-0.141695,-0.106978,-0.049930,0.572820,-0.018971,,-0.049557,-0.049445,0.171915,0.214323,0.617888,-0.013665,0.057553,0.039179,0.038743,0.617893,0.078305,-0.021003,-0.021003,0.615918,0.387779,0.389337,0.425470,0.437837,0.373354,0.373357,0.593007,0.015767,-0.045800,-0.002687,0.011469,-0.050198,-0.003262,-0.117248
bound_variance,-0.014700,-0.141736,0.197129,1.000000,0.186502,0.191295,-0.140138,0.021435,-0.014978,0.567499,0.032383,-0.094507,-0.100295,-0.142836,-0.036037,-0.101572,0.065103,0.028325,-0.054128,,-0.000333,-0.011867,-0.015825,0.322423,-0.102470,-0.545757,-0.062101,-0.097227,,-0.059837,0.051541,-0.155067,-0.034149,-0.290135,-0.091483,0.051067,0.253165,0.081529,-0.153049,0.432647,-0.060063,0.440091,-0.011270,-0.034321,-0.133716,0.095218,-0.006693,-0.014059,-0.036299,-0.036299,0.048799,,0.097037,0.045441,-0.059230,-0.101572,-0.013270,-0.014993,-0.551098,-0.022490,-0.091576,0.456622,-0.223140,0.172199,-0.102255,-0.003201,-0.038103,,-0.101316,-0.101097,-0.164208,0.291088,0.051396,-0.551142,0.352612,0.036209,0.070428,0.051382,-0.110332,-0.057719,-0.057719,-0.026438,-0.141857,-0.141088,-0.131694,-0.124640,-0.154161,-0.154154,-0.007281,0.049643,-0.052492,-0.023998,0.083792,0.018773,0.018603,0.045441
capacity_density,0.525952,0.127358,0.239831,0.186502,1.000000,0.994010,0.277347,0.372058,0.527046,0.288256,0.351428,-0.015870,-0.017005,-0.026177,0.379726,0.178941,-0.126297,0.259794,0.104955,,0.490012,0.493032,0.385383,0.899993,0.178764,-0.000526,0.121212,0.276326,,0.115306,0.479653,0.033445,0.065940,-0.026690,-0.023967,0.479859,0.315159,0.445288,0.232347,0.250200,0.115362,-0.005822,0.028717,0.077639,0.266256,-0.033028,0.022619,0.069451,0.065243,0.065243,0.479739,,0.049135,0.060507,0.103304,0.178941,0.025934,0.526984,-0.000175,0.043987,0.171250,0.457951,0.021313,0.321884,0.178444,0.489951,0.061668,,0.174643,0.174315,-0.319340,0.957428,0.479935,-0.000481,-0.011338,-0.007463,-0.007630,0.479966,0.222614,0.106262,0.106262,0.386241,-0.042885,-0.042213,-0.043298,-0.043597,-0.047566,-0.047654,0.485073,-0.022341,0.016181,-0.020800,-0.063356,0.015622,-0.064654,0.060507
capacity_ratio,0.528886,0.128112,0.240892,0.191295,0.994010,1.000000,0.279766,0.373984,0.528708,0.287850,0.353042,-0.016263,-0.017435,-0.025578,0.381310,0.179487,-0.127131,0.266603,0.105801,,0.493028,0.495997,0.387149,0.907824,0.179221,0.000303,0.121262,0.277745,,0.116088,0.482179,0.033052,0.066404,-0.038871,-0.048545,0.482384,0.317141,0.447869,0.233460,0.247702,0.116132,0.001919,-0.005087,-0.009898,0.267667,0.008492,-0.006228,-0.008390,0.065660,0.065660,0.482262,,0.040128,0.041515,0.103607,0.179487,0.026068,0.528651,0.000342,0.044199,0.171869,0.464672,0.021073,0.317688,0.178914,0.492990,0.060518,,0.174981,0.174668,-0.322550,0.967040,0.482460,0.000174,-0.006525,-0.013805,-0.014502,0.482491,0.223773,0.106621,0.106621,0.387957,-0.044128,-0.044155,-0.044103,-0.044441,-0.048475,-0.048553,0.487932,0.000540,0.017732,0.003039,0.003937,0.020660,0.007880,0.041515
capacity_utilization,0.264774,0.102715,0.127902,-0.140138,0.277347,0.279766,1.000000,0.194600,0.264659,-0.248291,0.181714,0.061454,0.066882,0.104377,0.201500,0.089703,-0.061711,0.377506,0.051815,,0.261889,0.265395,0.201291,0.027567,0.089678,0.287438,0.063765,0.307309,,0.057171,0.244702,0.277431,0.032749,0.330926,0.244293,0.245300,0.163411,0.224980,0.292923,-0.164972,0.057289,-0.209431,-0.015043,-0.073933,0.294268,-0.033675,-0.005223,-0.062111,0.032390,0.032390,0.245708,,-0.277299,-0.260083,0.051965,0.089703,0.013902,0.264729,0.289992,0.023575,0.084835,0.208364,0.024406,-0.324639,0.089563,0.264732,0.026979,,0.087687,0.087573,0.247193,0.183005,0.245530,0.290825,-0.120437,0.130438,0.097337,0.245488,0.118229,0.053092,0.053092,0.202979,0.314001,0.313453,0.325609,0.326449,0.341859,0.342389,0.268478,0.062695,-0.127516,0.020093,0.091918,-0.170430,0.067444,-0.260083
cell_value_variance,0.930548,0.303232,0.664440,0.021435,0.372058,0.373984,0.194600,1.000000,0.930293,0.162192,0.981246,0.389755,0.394256,0.380361,0.931537,0.481957,-0.349817,0.158611,0.287465,,0.947700,0.937334,0.979474,0.332953,0.481430,-0.090972,0.233213,0.768766,,0.304208,0.963834,0.635585,0.174836,0.132463,0.183994,0.963883,0.607718,0.942096,0.790699,0.157021,0.305080,0.051458,0.002372,0.000684,0.814340,-0.017663,0.008392,0.002739,0.168050,0.168050,0.964130,,-0.169329,-0.184362,0.275142,0.481957,0.059423,0.930284,-0.091201,0.101953,0.466532,0.162726,-0.193195,0.108749,0.481711,0.947732,0.066707,,0.470270,0.470637,0.272515,0.368290,0.963866,-0.090560,0.124318,0.051261,0.059585,0.963868,0.413781,0.274796,0.274796,0.964699,0.612037,0.612102,0.577457,0.583426,0.588318,0.588364,0.949183,0.011285,-0.077138,-0.008778,0.018959,-0.079219,-0.001047,-0.184362
cells_allocated,0.999680,0.303801,0.594525,-0.014978,0.527046,0.528708,0.264659,0.930293,1.000000,0.141441,0.874910,0.271298,0.282767,0.318750,0.951331,0.459738,-0.315507,0.218197,0.266790,,0.985411,0.983654,0.959910,0.448030,0.459207,-0.000571,0.320083,0.802740,,0.291924,0.956178,0.627293,0.167700,0.216819,0.226016,0.956319,0.600910,0.890869,0.810809,0.162335,0.293270,-0.006075,0.005559,0.008086,0.837521,-0.027091,0.011652,0.010599,0.163489,0.163489,0.956725,,-0.204871,-0.224760,0.264501,0.459738,0.073394,1.000000,-0.000841,0.125384,0.436257,0.245881,-0.164913,0.079379,0.459204,0.986289,0.087100,,0.448527,0.448582,0.221004,0.495961,0.956319,0.000076,0.055654,0.068241,0.073608,0.956321,0.558449,0.266661,0.266661,0.964223,0.598541,0.598902,0.587812,0.588450,0.593970,0.593820,0.991729,0.015070,-0.084137,-0.003208,0.017552,-0.096938,-0.007825,-0.224760
dp_mean_improvement_amount,0.141372,0.036026,0.105370,0.567499,0.288256,0.287850,-0.248291,0.162192,0.141441,1.000000,0.191346,0.288204,0.288234,0.259158,0.082404,0.125209,-0.097049,0.062835,0.071365,,0.174101,0.157318,0.119922,0.420511,0.127137,-0.888069,-0.047946,-0.063368,,0.071208,0.256523,0.006461,0.039958,-0.348068,-0.023587,0.255551,0.135854,0.296670,0.004480,0.930346,0.070474,0.591126,0.034523,0.018291,0.009922,0.089081,0.045764,0.023073,0.046341,0.046341,0.253017,,0.053349,0.017603,0.071151,0.125209,-0.004877,0.141424,-0.887897,-0.008076,0.114668,0.155114,-0.355967,0.413071,0.126489,0.169448,0.080306,,0.126689,0.126003,-0.151810,0.382351,0.255566,-0.888212,0.574590,-0.024810,0.012846,0.255556,-0.071635,0.068418,0.068418,0.102732,-0.066754,-0.065613,-0.131901,-0.116749,-0.071412,-0.070948,0.161774,-0.033069,-0.057775,-0.078584,-0.001536,0.029594,-0.020532,0.017603
dp_sum_improvement_amount,0.874904,0.316845,0.609387,0.032383,0.351428,0.353042,0.181714,0.981246,0.874910,0.191346,1.000000,0.471658,0.473232,0.439645,0.855602,0.520632,-0.385476,0.148381,0.308090,,0.914113,0.900792,0.936755,0.329525,0.521990,-0.151906,0.176414,0.719477,,0.318132,0.953562,0.607203,0.182603,0.087209,0.172099,0.953586,0.546894,0.964004,0.768637,0.162501,0.318509,0.088422,-0.001873,0.002080,0.788026,-0.020655,0.004541,0.004316,0.175557,0.175557,0.953751,,-0.159157,-0.172302,0.297065,0.520632,0.043995,0.874901,-0.152155,0.075499,0.508747,0.115865,-0.210648,0.171090,0.522169,0.913515,0.083121,,0.512220,0.512488,0.252993,0.364944,0.953556,-0.151629,0.167711,0.044388,0.056228,0.953558,0.314603,0.293952,0.293952,0.907065,0.572017,0.572953,0.517626,0.526378,0.549878,0.550294,0.908519,0.011575,-0.077841,-0.008286,0.016931,-0.074427,-0.002871,-0.172302
duplicate_items,0.271309,0.253643,-0.028198,-0.094507,-0.015870,-0.016263,0.061454,0.389755,0.271298,0.288204,0.471658,1.000000,0.997489,0.917823,0.238239,0.487274,-0.328149,0.105420,0.245919,,0.361583,0.350074,0.343132,-0.037686,0.498759,-0.396416,0.037411,0.210787,,0.241420,0.421349,0.542463,0.137696,-0.045553,0.140128,0.420873,-0.052344,0.488360,0.455946,0.289586,0.241994,0.231675,-0.004635,0.001167,0.421626,-0.013722,0.003478,0.002817,0.145686,0.145686,0.420869,,-0.128558,-0.139402,0.281951,0.487274,-0.002273,0.271326,-0.395145,-0.003953,0.457176,-0.217299,-0.257754,0.207449,0.498395,0.358940,0.125954,,0.501742,0.501445,0.413754,0.014372,0.420759,-0.394984,0.326426,0.022473,0.043716,0.420741,0.045451,0.262481,0.262481,0.302113,0.451963,0.452992,0.276261,0.286457,0.434899,0.436060,0.344026,0.003498,-0.082274,-0.014500,0.013138,-0.060629,-0.002099,-0.139402
duplicate_pairs,0.282776,0.259742,-0.029449,-0.100295,-0.017005,-0.017435,0.066882,0.394256,0.282767,0.288234,0.473232,0.997489,1.000000,0.934771,0.246996,0.499915,-0.332796,0.113054,0.249483,,0.374781,0.363953,0.352480,-0.041895,0.512087,-0.400960,0.058517,0.219978,,0.245818,0.429443,0.564619,0.140154,-0.044092,0.150258,0.428962,-0.054145,0.494179,0.479860,0.289007,0.246502,0.233997,-0.003944,0.001347,0.444877,-0.014015,0.004490,0.002994,0.149377,0.149377,0.428965,,-0.136713,-0.149403,0.289653,0.499915,-0.001373,0.282797,-0.400134,-0.002454,0.469404,-0.226655,-0.271745,0.210182,0.511645,0.372067,0.135246,,0.515609,0.515230,0.431245,0.013847,0.428846,-0.399935,0.329709,0.024431,0.046970,0.428827,0.072763,0.270305,0.270305,0.311946,0.471274,0.472143,0.297441,0.306504,0.455829,0.456973,0.356621,0.003154,-0.087638,-0.015000,0.014049,-0.064967,-0.002403,-0.149403
duplicate_ratio_fraction,0.318929,0.285521,-0.043883,-0.142836,-0.026177,-0.025578,0.104377,0.380361,0.318750,0.259158,0.439645,0.917823,0.934771,1.000000,0.273418,0.503756,-0.334413,0.174766,0.257110,,0.402955,0.395968,0.360771,-0.083914,0.513958,-0.399422,0.109994,0.257426,,0.261990,0.434377,0.608765,0.149097,0.036347,0.222175,0.433889,-0.063574,0.482002,0.540259,0.266839,0.262459,0.233377,-0.010812,-0.012288,0.504642,-0.007986,0.001145,-0.009018,0.160402,0.160402,0.434016,,-0.201704,-0.229063,0.291829,0.503756,0.013702,0.318805,-0.400507,0.023181,0.467390,-0.248592,-0.222926,0.211106,0.513121,0.400909,0.169960,,0.515058,0.514241,0.486122,-0.003161,0.433778,-0.399923,0.325234,0.048937,0.077291,0.433743,0.166806,0.276623,0.276623,0.329668,0.531738,0.532223,0.379428,0.380586,0.532986,0.533225,0.385811,0.017823,-0.113416,-0.005161,0.037995,-0.095432,0.005393,-0.229063
exclude_count,0.951126,0.280603,0.630076,-0.036037,0.379726,0.381310,0.201500,0.931537,0.951331,0.082404,0.855602,0.238239,0.246996,0.273418,1.000000,0.394982,-0.292262,0.162042,0.259355,,0.918741,0.913351,0.967907,0.306890,0.387167,0.034387,0.287501,0.794380,,0.291545,0.889071,0.615071,0.167865,0.234060,0.188058,0.889189,0.607097,0.810801,0.761766,0.121548,0.292836,-0.025696,0.001066,0.003244,0.788134,-0.023650,0.005378,0.005671,0.157313,0.157313,0.889700,,-0.172833,-0.188613,0.223821,0.394982,0.094918,0.951322,0.035781,0.163042,0.369948,0.231769,-0.109117,0.006032,0.387520,0.920177,0.042541,,0.369255,0.369667,0.279992,0.338542,0.889177,0.036591,0.025073,0.062084,0.061645,0.889176,0.541112,0.230829,0.230829,0.986864,0.626453,0.627023,0.625277,0.624239,0.603614,0.602653,0.934491,0.018721,-0.062939,0.002840,0.017722,-0.080814,-0.004316,-0.188613
explored_children,0.459605,0.596188,-0.049533,-0.101572,0.178941,0.179487,0.089703,0.481957,0.459738,0.125209,0.520632,0.487274,0.499915,0.503756,0.394982,1.000000,-0.768448,0.084254,0.665899,,0.523538,0.529280,0.497364,0.182615,0.991824,-0.152920,0.531882,0.348864,,0.675180,0.505943,0.374124,0.386176,-0.012115,0.099961,0.505878,-0.068614,0.527527,0.538141,0.080216,0.679355,0.091751,0.003825,0.002561,0.518013,-0.012623,0.003476,0.004818,0.381679,0.381680,0.506604,,-0.085443,-0.100037,0.560490,1.000000,0.066930,0.459737,-0.155347,0.115144,0.968489,-0.179486,-0.158809,0.346972,0.991928,0.521591,0.178504,,0.960256,0.960475,0.160231,0.217871,0.505729,-0.155110,0.140202,0.015380,0.030523,0.505722,0.401732,0.564868,0.564868,0.466207,0.324174,0.323479,0.245290,0.243143,0.313463,0.314443,0.498292,-0.003552,-0.054674,-0.006891,0.007478,-0.041262,-0.003024,-0.100037
explored_generated_ratio,-0.316005,-0.846899,0.031459,0.065103,-0.126297,-0.127131,-0.061711,-0.349817,-0.315507,-0.097049,-0.385476,-0.328149,-0.332796,-0.334413,-0.292262,-0.768448,1.000000,-0.054071,-0.978330,,-0.349399,-0.343032,-0.337401,-0.128038,-0.687674,0.120389,-0.151895,-0.246171,,-0.945180,-0.363607,-0.210176,-0.543437,-0.021065,-0.063725,-0.363592,0.043180,-0.389070,-0.340904,-0.062722,-0.946233,-0.072534,0.003318,0.001047,-0.330399,0.009597,0.002075,-0.001100,-0.540539,-0.540539,-0.364122,,0.058708,0.064215,-0.387200,-0.768448,-0.029070,-0.315504,0.120171,-0.050706,-0.707739,0.119301,0.053022,-0.287450,-0.688960,-0.348226,-0.018345,,-0.574980,-0.576226,-0.092972,-0.148294,-0.363470,0.120029,-0.107941,-0.011026,-0.019333,-0.363447,-0.147008,-0.440339,-0.440339,-0.321730,-0.207841,-0.208043,-0.155142,-0.154998,-0.202160,-0.202523,-0.335739,-0.003176,0.028448,0.001652,-0.006981,0.024557,0.002100,0.064215
fill_rate,0.218466,0.156551,0.101500,0.028325,0.259794,0.266603,0.377506,0.158611,0.218197,0.062835,0.148381,0.105420,0.113054,0.174766,0.162042,0.084254,-0.054071,1.000000,0.044918,,0.224846,0.226726,0.162742,0.092585,0.084999,-0.028723,0.051080,0.241801,,0.049656,0.216995,0.271066,0.028333,0.259174,0.285392,0.216998,0.133474,0.203267,0.257248,0.057148,0.049846,0.116214,-0.093604,-0.162955,0.255552,0.020195,-0.047724,-0.107823,0.030446,0.030446,0.216767,,-0.562757,-0.773009,0.049119,0.084254,0.010978,0.218451,-0.029493,0.018609,0.076126,0.163054,-0.251554,0.007356,0.084817,0.226222,0.031827,,0.084040,0.083855,0.237149,0.231784,0.217071,-0.028196,0.147520,0.246716,0.310764,0.217064,0.094288,0.048782,0.048782,0.163744,0.286355,0.285811,0.286940,0.289044,0.315689,0.316349,0.228710,0.194878,-0.102997,0.002521,0.292033,-0.120433,0.004310,-0.773009
final_queue_size,0.267441,0.861435,-0.026129,-0.054128,0.104955,0.105801,0.051815,0.287465,0.266790,0.071365,0.308090,0.245919,0.249483,0.257110,0.259355,0.665899,-0.978330,0.044918,1.000000,,0.287079,0.281246,0.281601,0.101349,0.571020,-0.083214,0.118030,0.208288,,0.963870,0.294969,0.170067,0.554352,0.033035,0.052966,0.294965,-0.035826,0.308324,0.278191,0.049395,0.963199,0.049881,-0.004197,-0.001844,0.269822,-0.008091,-0.002930,-0.000145,0.546758,0.546758,0.295403,,-0.049270,-0.053596,0.321584,0.665899,0.025701,0.266788,-0.082973,0.044821,0.587804,-0.099037,-0.020686,0.212210,0.572124,0.286221,0.012114,,0.443823,0.444810,0.079281,0.117574,0.294867,-0.082833,0.076490,0.010302,0.016583,0.294841,0.133247,0.381806,0.381806,0.274599,0.176173,0.176466,0.138675,0.137356,0.171160,0.171398,0.277735,0.004532,-0.021100,0.000282,0.006952,-0.020223,-0.001577,-0.053596
first_improvement_node,,,,,,,,,,,,,,,,,,,,,,,,,,,,,,,,,,,,,,,,,,,,,,,,,,,,,,,,,,,,,,,,,,,,,,,,,,,,,,,,,,,,,,,,,,,,,,,,
first_skipped_position,0.985895,0.323952,0.571632,-0.000333,0.490012,0.493028,0.261889,0.947700,0.985411,0.174101,0.914113,0.361583,0.374781,0.402955,0.918741,0.523538,-0.349399,0.224846,0.287079,,1.000000,0.998042,0.964618,0.426493,0.527334,-0.068331,0.338213,0.791544,,0.307190,0.978243,0.673352,0.176336,0.162075,0.238151,0.978331,0.563451,0.934535,0.855861,0.172959,0.308645,0.038182,0.002994,-0.004140,0.876937,-0.019559,0.010647,-0.000389,0.174850,0.174850,0.978611,,-0.214768,-0.240284,0.302676,0.523538,0.061581,0.985418,-0.070592,0.104908,0.501639,0.181625,-0.242430,0.125602,0.527269,0.999938,0.105378,,0.520397,0.520406,0.262696,0.482673,0.978321,-0.069673,0.111667,0.064789,0.079265,0.978324,0.557141,0.300673,0.300673,0.954896,0.627340,0.627047,0.599808,0.602213,0.622686,0.622965,0.997843,0.013555,-0.100545,-0.006738,0.029820,-0.102973,0.002095,-0.240284
improvement_count,0.984110,0.320712,0.558134,-0.011867,0.493032,0.495997,0.265395,0.937334,0.983654,0.157318,0.900792,0.350074,0.363953,0.395968,0.913351,0.529280,-0.343032,0.226726,0.281246,,0.998042,1.000000,0.960019,0.427112,0.534753,-0.047165,0.370999,0.788510,,0.300857,0.968404,0.673300,0.172672,0.161758,0.238762,0.968509,0.549164,0.920628,0.860042,0.155337,0.302625,0.025702,0.005327,-0.003819,0.880271,-0.019549,0.012205,-0.000044,0.172030,0.172030,0.968848,,-0.214030,-0.241470,0.306657,0.529280,0.060181,0.983661,-0.050204,0.102229,0.506955,0.169695,-0.242355,0.119051,0.534720,0.998039,0.103962,,0.529680,0.529731,0.260658,0.485361,0.968496,-0.049263,0.097463,0.064655,0.079357,0.968501,0.582984,0.303441,0.303441,0.950790,0.625122,0.624640,0.599628,0.601095,0.621042,0.621289,0.995166,0.011468,-0.101201,-0.007263,0.029485,-0.103336,0.001771,-0.241470
include_count,0.959881,0.300023,0.612642,-0.015825,0.385383,0.387149,0.201291,0.979474,0.959910,0.119922,0.936755,0.343132,0.352480,0.360771,0.967907,0.497364,-0.337401,0.162742,0.281601,,0.964618,0.960019,1.000000,0.335276,0.498712,-0.029562,0.338747,0.789596,,0.302411,0.943034,0.653139,0.174028,0.161229,0.188594,0.943125,0.570241,0.893539,0.823203,0.129568,0.304077,0.014448,0.002066,0.002301,0.844406,-0.021812,0.006768,0.004923,0.167615,0.167615,0.943556,,-0.170767,-0.189086,0.285937,0.497364,0.068967,0.959900,-0.030350,0.118030,0.480081,0.158413,-0.178405,0.077362,0.499090,0.964959,0.061485,,0.489441,0.489923,0.277719,0.371955,0.943100,-0.029623,0.076627,0.054722,0.062023,0.943102,0.565085,0.284842,0.284842,0.995347,0.628504,0.628738,0.605022,0.605856,0.604419,0.604187,0.967638,0.013260,-0.075008,-0.003100,0.018739,-0.081303,-0.003427,-0.189086
include_ratio,0.448439,0.076949,0.204207,0.322423,0.899993,0.907824,0.027567,0.332953,0.448030,0.420511,0.329525,-0.037686,-0.041895,-0.083914,0.306890,0.182615,-0.128038,0.092585,0.101349,,0.426493,0.427112,0.335276,1.000000,0.184331,-0.161811,0.105206,0.134029,,0.106901,0.430087,-0.121371,0.061007,-0.255884,-0.171792,0.430124,0.264760,0.417521,0.115126,0.326194,0.106730,0.130311,-0.005551,-0.020523,0.152755,0.045320,-0.005205,-0.010629,0.061107,0.061107,0.429564,,0.157744,0.143328,0.105744,0.182615,0.013859,0.447944,-0.164140,0.023225,0.180255,0.390353,-0.050393,0.433599,0.183960,0.424484,0.067089,,0.182376,0.181999,-0.525215,0.958853,0.430167,-0.164860,0.085274,-0.028014,0.007903,0.430202,0.177260,0.107327,0.107327,0.326768,-0.243915,-0.244247,-0.255051,-0.253918,-0.261635,-0.261662,0.412736,0.007111,0.031543,-0.014072,0.041218,0.051571,0.003500,0.143328
internal_nodes,0.458954,0.516541,-0.050039,-0.102470,0.178764,0.179221,0.089678,0.481430,0.459207,0.127137,0.521990,0.498759,0.512087,0.513958,0.387167,0.991824,-0.687674,0.084999,0.571020,,0.527334,0.534753,0.498712,0.184331,1.000000,-0.156946,0.562018,0.347545,,0.575893,0.507236,0.383295,0.328853,-0.021511,0.100888,0.507163,-0.069370,0.530028,0.545279,0.080300,0.580454,0.094220,0.004984,0.003123,0.524497,-0.012492,0.004435,0.005350,0.328925,0.328925,0.507888,,-0.085495,-0.100860,0.564212,0.991824,0.044374,0.459206,-0.159672,0.075895,0.972880,-0.185086,-0.175250,0.350024,0.999936,0.525324,0.194677,,0.988025,0.988111,0.162457,0.220440,0.507015,-0.159438,0.143469,0.015013,0.030692,0.507011,0.417820,0.557371,0.557371,0.464581,0.325920,0.325085,0.244479,0.242539,0.315067,0.316140,0.500830,-0.004818,-0.056827,-0.007928,0.007014,-0.041852,-0.003148,-0.100860
kendall_corr,-0.000555,-0.046182,-0.014091,-0.545757,-0.000526,0.000303,0.287438,-0.090972,-0.000571,-0.888069,-0.151906,-0.396416,-0.400960,-0.399422,0.034387,-0.152920,0.120389,-0.028723,-0.083214,,-0.068331,-0.047165,-0.029562,-0.161811,-0.156946,1.000000,0.099391,0.100872,,-0.078170,-0.167560,-0.061850,-0.043489,0.350765,-0.029711,-0.166508,-0.013398,-0.246085,-0.009846,-0.789325,-0.076868,-0.626601,0.046103,-0.008982,-0.000902,-0.056375,0.015464,-0.010584,-0.052574,-0.052574,-0.163920,,0.025459,0.038814,-0.086841,-0.152920,0.019584,-0.000584,0.998607,0.033139,-0.142784,0.048934,0.422199,-0.489520,-0.155997,-0.063042,-0.112114,,-0.158382,-0.157377,-0.000870,-0.131399,-0.166521,0.998858,-0.622719,0.031859,-0.016156,-0.166484,0.171690,-0.081472,-0.081472,-0.000400,0.001225,-0.000953,0.083113,0.067286,-0.000020,-0.000646,-0.051101,-0.019580,0.072287,0.027432,-0.001545,-0.011776,0.007076,0.038814
last_improvement_node,0.319384,0.120326,-0.029631,-0.062101,0.121212,0.121262,0.063765,0.233213,0.320083,-0.047946,0.176414,0.037411,0.058517,0.109994,0.287501,0.531882,-0.151895,0.051080,0.118030,,0.338213,0.370999,0.338747,0.105206,0.562018,0.099391,1.000000,0.231231,,0.153103,0.221396,0.270554,0.087665,0.001067,0.059771,0.221485,-0.041502,0.156311,0.373193,-0.043317,0.163113,-0.056466,0.017765,0.004024,0.357968,0.000239,0.013894,0.003927,0.083125,0.083126,0.221933,,-0.039966,-0.059993,0.319251,0.531882,0.089673,0.320079,0.092455,0.153267,0.539425,-0.098386,-0.101292,0.001854,0.563002,0.337560,0.020838,,0.586168,0.587411,0.096969,0.128358,0.221442,0.092773,-0.058397,0.009493,0.018808,0.221452,0.711151,0.302385,0.302385,0.337106,0.215774,0.213237,0.221330,0.207185,0.202552,0.203522,0.322478,-0.014240,-0.033770,-0.006802,0.002617,-0.025460,-0.001676,-0.059993
last_selected_position,0.802952,0.263685,0.512018,-0.097227,0.276326,0.277745,0.307309,0.768766,0.802740,-0.063368,0.719477,0.210787,0.219978,0.257426,0.794380,0.348864,-0.246171,0.241801,0.208288,,0.791544,0.788510,0.789596,0.134029,0.347545,0.100872,0.231231,1.000000,,0.226317,0.765508,0.680548,0.130122,0.421261,0.279037,0.765740,0.497336,0.711038,0.763513,-0.038262,0.227390,-0.071674,0.002312,-0.001409,0.775230,-0.031395,0.010885,0.004487,0.126109,0.126109,0.766394,,-0.269888,-0.283252,0.200038,0.348864,0.055023,0.802776,0.108996,0.094296,0.332283,0.130665,-0.144818,-0.040728,0.347634,0.794622,0.058000,,0.338354,0.338492,0.487152,0.219836,0.765748,0.110234,-0.010584,0.108235,0.093477,0.765739,0.402006,0.202430,0.202430,0.795914,0.734964,0.735101,0.748085,0.751979,0.730100,0.729855,0.806378,0.036960,-0.074420,0.005109,0.032322,-0.120009,-0.003865,-0.283252
leaf_nodes,,,,,,,,,,,,,,,,,,,,,,,,,,,,,,,,,,,,,,,,,,,,,,,,,,,,,,,,,,,,,,,,,,,,,,,,,,,,,,,,,,,,,,,,,,,,,,,,
left_branches,0.292488,0.832930,-0.028812,-0.059837,0.115306,0.116088,0.057171,0.304208,0.291924,0.071208,0.318132,0.241420,0.245818,0.261990,0.291545,0.675180,-0.945180,0.049656,0.963870,,0.307190,0.300857,0.302411,0.106901,0.575893,-0.078170,0.153103,0.226317,,1.000000,0.311729,0.182934,0.574386,0.046299,0.058462,0.311728,-0.039612,0.319195,0.296946,0.052542,0.999452,0.045979,-0.005233,-0.001023,0.288015,-0.009819,-0.004038,0.000524,0.545068,0.545069,0.312168,,-0.054438,-0.059167,0.330987,0.675180,0.173519,0.291922,-0.077899,0.300764,0.574274,-0.082419,-0.006358,0.206040,0.576197,0.306307,0.082558,,0.443259,0.443358,0.087504,0.124493,0.311633,-0.077727,0.072804,0.011991,0.018601,0.311608,0.154406,0.398590,0.398590,0.300093,0.193196,0.193710,0.158135,0.155744,0.188097,0.188167,0.298556,0.005846,-0.022784,0.002144,0.007022,-0.023258,-0.001661,-0.059167
max_bound,0.956442,0.326864,0.617775,0.051541,0.479653,0.482179,0.244702,0.963834,0.956178,0.256523,0.953562,0.421349,0.429443,0.434377,0.889071,0.505943,-0.363607,0.216995,0.294969,,0.978243,0.968404,0.943034,0.430087,0.507236,-0.167560,0.221396,0.765508,,0.311729,1.000000,0.644854,0.178594,0.134091,0.229809,0.999999,0.603800,0.983711,0.805703,0.245831,0.312226,0.098199,0.004977,-0.000928,0.829121,-0.015926,0.014183,0.002111,0.176219,0.176219,0.999991,,-0.211363,-0.230717,0.289962,0.505943,0.052841,0.956184,-0.167961,0.090360,0.485214,0.193932,-0.248740,0.168054,0.506994,0.977935,0.116898,,0.497710,0.497516,0.248602,0.479999,0.999999,-0.167176,0.183058,0.061930,0.076031,0.999999,0.395015,0.289278,0.289278,0.925788,0.602987,0.603271,0.561286,0.569525,0.598483,0.598946,0.976834,0.011181,-0.100854,-0.015048,0.026035,-0.099240,-0.000165,-0.230717
max_depth,0.627430,0.261360,0.361654,-0.155067,0.033445,0.033052,0.277431,0.635585,0.627293,0.006461,0.607203,0.542463,0.564619,0.608765,0.615071,0.374124,-0.210176,0.271066,0.170067,,0.673352,0.673300,0.653139,-0.121371,0.383295,-0.061850,0.270554,0.680548,,0.182934,0.644854,1.000000,0.104874,0.249511,0.349977,0.644762,0.315754,0.614102,0.902429,0.050011,0.184769,0.028648,0.011218,0.000598,0.884107,-0.031095,0.020634,0.004582,0.112228,0.112228,0.645090,,-0.313463,-0.349687,0.220277,0.374124,0.034729,0.627366,-0.064361,0.058345,0.344296,-0.163490,-0.373096,-0.078938,0.383080,0.673410,0.091253,,0.386005,0.385848,0.757300,-0.006822,0.644741,-0.062991,0.128865,0.094712,0.108652,0.644720,0.415375,0.210431,0.210431,0.645039,0.884626,0.883690,0.837902,0.839356,0.882052,0.883138,0.677820,0.014109,-0.142115,-0.011771,0.033271,-0.148621,-0.000901,-0.349687
max_queue_size,0.168027,0.478941,-0.015615,-0.034149,0.065940,0.066404,0.032749,0.174836,0.167700,0.039958,0.182603,0.137696,0.140154,0.149097,0.167865,0.386176,-0.543437,0.028333,0.554352,,0.176336,0.172672,0.174028,0.061007,0.328853,-0.043489,0.087665,0.130122,,0.574386,0.178594,0.104874,1.000000,0.026784,0.033385,0.178594,-0.021499,0.182578,0.170165,0.029556,0.574213,0.025678,-0.002839,-0.000700,0.165083,-0.005428,-0.002186,0.000203,0.948624,0.948624,0.178850,,-0.031034,-0.033784,0.585970,0.386176,0.302580,0.167698,-0.043354,0.172843,0.329244,-0.046259,-0.003228,0.116707,0.329145,0.175835,0.036884,,0.252357,0.252541,0.050231,0.071051,0.178528,-0.043255,0.040850,0.006792,0.010549,0.178525,0.090053,0.699079,0.699079,0.172762,0.110978,0.111249,0.091024,0.089614,0.107918,0.107964,0.171389,0.003188,-0.012903,0.001147,0.004058,-0.013217,-0.000875,-0.033784
max_value,0.216148,0.091861,0.096379,-0.290135,-0.026690,-0.038871,0.330926,0.132463,0.216819,-0.348068,0.087209,-0.045553,-0.044092,0.036347,0.234060,-0.012115,-0.021065,0.259174,0.033035,,0.162075,0.161758,0.161229,-0.255884,-0.021511,0.350765,0.001067,0.421261,,0.046299,0.134091,0.249511,0.026784,1.000000,0.551136,0.134455,0.129026,0.079593,0.219103,-0.212641,0.046022,-0.175938,0.183825,0.125300,0.217497,-0.010039,0.107449,0.070202,0.020316,0.020316,0.135634,,-0.289251,-0.327158,-0.010836,-0.012115,0.035872,0.216917,0.366452,0.061803,-0.020316,0.069120,0.220226,-0.290188,-0.021382,0.167633,-0.015261,,-0.032401,-0.032292,0.330669,-0.178393,0.134478,0.367922,-0.150608,0.370275,0.262695,0.134442,0.082673,-0.002641,-0.002641,0.189421,0.361820,0.362028,0.398970,0.395768,0.391821,0.391194,0.189748,0.060689,-0.024062,0.045683,0.037239,-0.165599,-0.033949,-0.327158
max_weight,0.224916,0.130711,0.117011,-0.091483,-0.023967,-0.048545,0.244293,0.183994,0.226016,-0.023587,0.172099,0.140128,0.150258,0.222175,0.188058,0.099961,-0.063725,0.285392,0.052966,,0.238151,0.238762,0.188594,-0.171792,0.100888,-0.029711,0.059771,0.279037,,0.058462,0.229809,0.349977,0.033385,0.551136,1.000000,0.229788,0.136464,0.215442,0.311672,0.038269,0.058752,0.032025,0.108336,0.256390,0.304928,-0.136423,0.074744,0.151363,0.035974,0.035974,0.229782,,-0.432726,-0.355590,0.058234,0.099961,0.013131,0.226123,-0.031081,0.022301,0.090036,-0.008701,-0.191324,-0.087863,0.100707,0.239225,0.034798,,0.099802,0.099620,0.344695,-0.093529,0.229822,-0.029510,0.090769,0.348605,0.402663,0.229800,0.109349,0.057594,0.057594,0.189861,0.376492,0.377384,0.375497,0.378326,0.412777,0.413204,0.244432,0.091937,-0.135358,0.017074,0.012084,-0.152872,-0.035098,-0.355590
mean_bound,0.956583,0.326868,0.617755,0.051067,0.479859,0.482384,0.245300,0.963883,0.956319,0.255551,0.953586,0.420873,0.428962,0.433889,0.889189,0.505878,-0.363592,0.216998,0.294965,,0.978331,0.968509,0.943125,0.430124,0.507163,-0.166508,0.221485,0.765740,,0.311728,0.999999,0.644762,0.178594,0.134455,0.229788,1.000000,0.603789,0.983663,0.805837,0.244865,0.312224,0.097530,0.004984,-0.000910,0.829273,-0.016038,0.014161,0.002126,0.176199,0.176199,0.999994,,-0.211346,-0.230675,0.289922,0.505878,0.052860,0.956324,-0.166911,0.090391,0.485184,0.194058,-0.248303,0.167696,0.506922,0.978029,0.116808,,0.497629,0.497437,0.248526,0.480096,1.000000,-0.166126,0.182399,0.061961,0.076015,1.000000,0.395172,0.289251,0.289251,0.925894,0.602985,0.603268,0.561383,0.569606,0.598483,0.598946,0.976929,0.011190,-0.100779,-0.014983,0.026010,-0.099251,-0.000181,-0.230675
mean_bound_gap,0.600693,0.007168,0.949813,0.253165,0.315159,0.317141,0.163411,0.607718,0.600910,0.135854,0.546894,-0.052344,-0.054145,-0.063574,0.607097,-0.068614,0.043180,0.133474,-0.035826,,0.563451,0.549164,0.570241,0.264760,-0.069370,-0.013398,-0.041502,0.497336,,-0.039612,0.603800,0.315754,-0.021499,0.129026,0.136464,0.603789,1.000000,0.560746,0.290071,0.169881,-0.039772,0.007803,-0.003100,-0.002594,0.334098,-0.013308,0.002921,0.002093,-0.020499,-0.020499,0.603343,,-0.131028,-0.137755,-0.035340,-0.068614,-0.008585,0.600911,-0.012773,-0.014532,-0.061507,0.496362,-0.128962,-0.122553,-0.069214,0.565139,-0.026678,,-0.068768,-0.068609,0.138587,0.278597,0.603962,-0.012253,0.053955,0.050336,0.049543,0.603966,0.086419,-0.030416,-0.030416,0.581400,0.363185,0.364635,0.404053,0.415124,0.360083,0.360046,0.588072,0.019889,-0.050899,-0.004523,0.019873,-0.058953,-0.000037,-0.137755
mean_cell_value,0.891245,0.332873,0.584753,0.081529,0.445288,0.447869,0.224980,0.942096,0.890869,0.296670,0.964004,0.488360,0.494179,0.482002,0.810801,0.527527,-0.389070,0.203267,0.308324,,0.934535,0.920628,0.893539,0.417521,0.530028,-0.246085,0.156311,0.711038,,0.319195,0.983711,0.614102,0.182578,0.079593,0.215442,0.983663,0.560746,1.000000,0.770982,0.259251,0.319092,0.147095,0.001478,-0.002622,0.791303,-0.013866,0.011703,0.000298,0.180909,0.180909,0.983478,,-0.199502,-0.216971,0.301696,0.527527,0.038103,0.890875,-0.246511,0.065203,0.510123,0.149065,-0.274518,0.232602,0.529626,0.933543,0.135176,,0.521465,0.521102,0.234090,0.466357,0.983659,-0.245862,0.238767,0.054183,0.072548,0.983658,0.284199,0.299285,0.299285,0.862766,0.563526,0.564093,0.504935,0.516422,0.559306,0.560066,0.927026,0.010624,-0.102719,-0.017318,0.026708,-0.093868,0.001079,-0.216971
mean_depth,0.811295,0.342357,0.332379,-0.153049,0.232347,0.233460,0.292923,0.790699,0.810809,0.004480,0.768637,0.455946,0.479860,0.540259,0.761766,0.538141,-0.340904,0.257248,0.278191,,0.855861,0.860042,0.823203,0.115126,0.545279,-0.009846,0.373193,0.763513,,0.296946,0.805703,0.902429,0.170165,0.219103,0.311672,0.805837,0.290071,0.770982,1.000000,0.004807,0.298810,0.001479,0.014695,-0.001106,0.995232,-0.024290,0.021186,0.002340,0.171068,0.171068,0.806407,,-0.274115,-0.312633,0.311639,0.538141,0.057181,0.810854,-0.014440,0.096987,0.511702,-0.106060,-0.324339,0.055780,0.545211,0.855640,0.109094,,0.541990,0.542008,0.564469,0.214791,0.805785,-0.013165,0.084105,0.082440,0.098302,0.805776,0.574625,0.304904,0.304904,0.809437,0.803713,0.801956,0.768433,0.764850,0.799584,0.800212,0.849868,0.007672,-0.128828,-0.010904,0.031973,-0.132659,0.000831,-0.312633
mean_improvement_amount,0.161968,-0.003819,0.128809,0.432647,0.250200,0.247702,-0.164972,0.157021,0.162335,0.930346,0.162501,0.289586,0.289007,0.266839,0.121548,0.080216,-0.062722,0.057148,0.049395,,0.172959,0.155337,0.129568,0.326194,0.080300,-0.789325,-0.043317,-0.038262,,0.052542,0.245831,0.050011,0.029556,-0.212641,0.038269,0.244865,0.169881,0.259251,0.004807,1.000000,0.052179,0.494951,0.038301,0.033495,0.009023,0.068388,0.047824,0.024672,0.035277,0.035276,0.242639,,0.003807,0.003912,0.045412,0.080216,0.004027,0.162321,-0.785136,0.007322,0.065506,0.180394,-0.259108,0.230867,0.079846,0.169492,0.054640,,0.078647,0.078161,-0.083255,0.278787,0.244875,-0.785328,0.502600,0.004814,0.010282,0.244855,-0.038136,0.043562,0.043562,0.124298,-0.002254,-0.000599,-0.062456,-0.046936,-0.001486,-0.000980,0.172023,-0.025263,-0.068172,-0.066916,-0.022250,-0.001994,-0.007494,0.003912
mean_queue_size,0.293792,0.832448,-0.028920,-0.060063,0.115362,0.116132,0.057289,0.305080,0.293270,0.070474,0.318509,0.241994,0.246502,0.262459,0.292836,0.679355,-0.946233,0.049846,0.963199,,0.308645,0.302625,0.304077,0.106730,0.580454,-0.076868,0.163113,0.227390,,0.999452,0.312226,0.184769,0.574213,0.046022,0.058752,0.312224,-0.039772,0.319092,0.298810,0.052179,1.000000,0.045266,-0.004779,-0.000962,0.289768,-0.009619,-0.003712,0.000545,0.546104,0.546104,0.312671,,-0.054565,-0.059439,0.333587,0.679355,0.175482,0.293268,-0.076658,0.304484,0.580507,-0.083114,-0.007281,0.204678,0.580917,0.307767,0.069643,,0.448188,0.448462,0.088627,0.124480,0.312129,-0.076484,0.071898,0.011917,0.018600,0.312104,0.159325,0.401103,0.401103,0.301746,0.194717,0.195194,0.159579,0.157106,0.189421,0.189512,0.299905,0.005408,-0.022966,0.001865,0.006938,-0.023317,-0.001670,-0.059439
mean_ratio,-0.004975,0.023980,0.007365,0.440091,-0.005822,0.001919,-0.209431,0.051458,-0.006075,0.591126,0.088422,0.231675,0.233997,0.233377,-0.025696,0.091751,-0.072534,0.116214,0.049881,,0.038182,0.025702,0.014448,0.130311,0.094220,-0.626601,-0.056466,-0.071674,,0.045979,0.098199,0.028648,0.025678,-0.175938,0.032025,0.097530,0.007803,0.147095,0.001479,0.494951,0.045266,1.000000,0.036391,-0.090605,-0.003412,0.151919,0.039469,-0.069543,0.029383,0.029383,0.095823,,-0.026338,-0.154810,0.052125,0.091751,-0.012344,-0.006020,-0.627845,-0.020929,0.087605,-0.006917,-0.362936,0.321922,0.093756,0.034794,0.058167,,0.095146,0.094657,-0.009265,0.102259,0.097555,-0.626962,0.938894,0.060039,0.127601,0.097534,-0.100260,0.049006,0.049006,-0.003604,-0.008300,-0.010144,-0.058204,-0.048985,-0.010702,-0.010304,0.026898,0.012817,-0.067888,-0.037469,0.157641,-0.031435,0.029278,-0.154810
mean_value,0.002273,0.009798,-0.004347,-0.011270,0.028717,-0.005087,-0.015043,0.002372,0.005559,0.034523,-0.001873,-0.004635,-0.003944,-0.010812,0.001066,0.003825,0.003318,-0.093604,-0.004197,,0.002994,0.005327,0.002066,-0.005551,0.004984,0.046103,0.017765,0.002312,,-0.005233,0.004977,0.011218,-0.002839,0.183825,0.108336,0.004984,-0.003100,0.001478,0.014695,0.038301,-0.004779,0.036391,1.000000,0.383170,0.014343,0.461056,0.881214,0.343786,-0.002999,-0.002999,0.005158,,0.273046,0.126061,0.002666,0.003825,-0.000937,0.005514,0.046813,-0.001589,0.005600,-0.041716,0.001264,0.002085,0.005138,0.002832,-0.012408,,0.006276,0.006449,0.008478,-0.011658,0.004946,0.046752,0.012942,0.024437,0.014558,0.004963,0.017975,0.001903,0.001903,0.002193,0.018178,0.009281,0.005447,0.005074,0.005452,0.005278,0.002339,-0.775874,-0.005856,-0.802777,-0.307941,-0.018056,-0.301364,0.126061
mean_weight,-0.000709,-0.005818,0.001643,-0.034321,0.077639,-0.009898,-0.073933,0.000684,0.008086,0.018291,0.002080,0.001167,0.001347,-0.012288,0.003244,0.002561,0.001047,-0.162955,-0.001844,,-0.004140,-0.003819,0.002301,-0.020523,0.003123,-0.008982,0.004024,-0.001409,,-0.001023,-0.000928,0.000598,-0.000700,0.125300,0.256390,-0.000910,-0.002594,-0.002622,-0.001106,0.033495,-0.000962,-0.090605,0.383170,1.000000,-0.001412,-0.470054,0.327088,0.890194,-0.000220,-0.000220,-0.000869,,0.110739,0.223300,0.001564,0.002561,0.000053,0.008007,-0.005313,0.000192,0.001269,-0.052403,0.009528,0.060696,0.003013,-0.004417,0.010183,,0.003736,0.003617,0.012332,-0.051158,-0.000921,-0.006913,-0.059827,0.065736,0.069541,-0.000914,0.000415,0.001322,0.001322,0.002646,0.004844,0.013502,-0.000577,-0.000176,-0.000455,-0.000579,-0.003543,-0.258139,-0.003136,-0.271719,-0.768672,-0.040005,-0.828984,0.223300
median_depth,0.838056,0.333092,0.376368,-0.133716,0.266256,0.267667,0.294268,0.814340,0.837521,0.009922,0.788026,0.421626,0.444877,0.504642,0.788134,0.518013,-0.330399,0.255552,0.269822,,0.876937,0.880271,0.844406,0.152755,0.524497,-0.000902,0.357968,0.775230,,0.288015,0.829121,0.884107,0.165083,0.217497,0.304928,0.829273,0.334098,0.791303,0.995232,0.009023,0.289768,-0.003412,0.014343,-0.001412,1.000000,-0.023779,0.020573,0.002140,0.165536,0.165536,0.829817,,-0.268232,-0.306080,0.299899,0.518013,0.055780,0.837563,-0.005496,0.094618,0.493152,-0.063744,-0.316585,0.054477,0.524444,0.876843,0.103739,,0.520870,0.520901,0.534544,0.247957,0.829231,-0.004239,0.076756,0.081594,0.096934,0.829223,0.569997,0.294154,0.294154,0.832248,0.790256,0.788535,0.761260,0.757963,0.785794,0.786392,0.872377,0.008121,-0.125780,-0.010502,0.032041,-0.129919,0.001182,-0.306080
median_ratio,-0.023113,-0.009581,-0.017729,0.095218,-0.033028,0.008492,-0.033675,-0.017663,-0.027091,0.089081,-0.020655,-0.013722,-0.014015,-0.007986,-0.023650,-0.012623,0.009597,0.020195,-0.008091,,-0.019559,-0.019549,-0.021812,0.045320,-0.012492,-0.056375,0.000239,-0.031395,,-0.009819,-0.015926,-0.031095,-0.005428,-0.010039,-0.136423,-0.016038,-0.013308,-0.013866,-0.024290,0.068388,-0.009619,0.151919,0.461056,-0.470054,-0.023779,1.000000,0.496974,-0.493163,-0.006448,-0.006448,-0.016178,,0.127207,-0.032854,-0.007185,-0.012623,-0.001887,-0.027077,-0.058901,-0.003248,-0.009796,0.021965,-0.010640,0.029615,-0.012298,-0.019960,-0.019196,,-0.012061,-0.011850,-0.041316,0.052954,-0.016060,-0.056944,0.094360,-0.059000,-0.059000,-0.016059,-0.003794,-0.007499,-0.007499,-0.022413,-0.032697,-0.045235,-0.039163,-0.039759,-0.041232,-0.041442,-0.022001,-0.392355,0.074771,-0.475296,0.359905,0.085627,0.462382,-0.032854
median_value,0.008686,0.019066,0.000245,-0.006693,0.022619,-0.006228,-0.005223,0.008392,0.011652,0.045764,0.004541,0.003478,0.004490,0.001145,0.005378,0.003476,0.002075,-0.047724,-0.002930,,0.010647,0.012205,0.006768,-0.005205,0.004435,0.015464,0.013894,0.010885,,-0.004038,0.014183,0.020634,-0.002186,0.107449,0.074744,0.014161,0.002921,0.011703,0.021186,0.047824,-0.003712,0.039469,0.881214,0.327088,0.020573,0.496974,1.000000,0.365118,-0.002099,-0.002099,0.014242,,0.170112,0.065539,0.002336,0.003476,-0.001500,0.011628,0.015968,-0.002587,0.004482,-0.035186,-0.017576,0.011456,0.004545,0.010563,-0.008728,,0.005498,0.005622,0.017770,-0.006927,0.014129,0.016172,0.025394,0.001267,0.004517,0.014141,0.014865,0.001577,0.001577,0.006618,0.027262,0.019455,0.015219,0.015277,0.017656,0.017634,0.010141,-0.705094,0.004493,-0.884538,-0.274396,0.002207,-0.322296,0.065539
median_weight,0.002583,-0.000202,0.004520,-0.014059,0.069451,-0.008390,-0.062111,0.002739,0.010599,0.023073,0.004316,0.002817,0.002994,-0.009018,0.005671,0.004818,-0.001100,-0.107823,-0.000145,,-0.000389,-0.000044,0.004923,-0.010629,0.005350,-0.010584,0.003927,0.004487,,0.000524,0.002111,0.004582,0.000203,0.070202,0.151363,0.002126,0.002093,0.000298,0.002340,0.024672,0.000545,-0.069543,0.343786,0.890194,0.002140,-0.493163,0.365118,1.000000,0.000988,0.000988,0.002140,,0.077642,0.149728,0.002886,0.004818,-0.000000,0.010546,-0.006599,0.000029,0.003613,-0.037534,0.000896,0.048199,0.005249,-0.000481,0.009778,,0.005875,0.005767,0.016165,-0.039187,0.002119,-0.008373,-0.050326,0.037895,0.050402,0.002125,0.002129,0.002689,0.002689,0.005220,0.010053,0.017698,0.004894,0.005267,0.005151,0.005219,0.000460,-0.248894,0.004541,-0.318304,-0.699345,-0.034746,-0.901349,0.149728
memory_bytes,0.163790,0.473540,-0.014151,-0.036299,0.065243,0.065660,0.032390,0.168050,0.163489,0.046341,0.175557,0.145686,0.149377,0.160402,0.157313,0.381679,-0.540539,0.030446,0.546758,,0.174850,0.172030,0.167615,0.061107,0.328925,-0.052574,0.083125,0.126109,,0.545068,0.176219,0.112228,0.948624,0.020316,0.035974,0.176199,-0.020499,0.180909,0.171068,0.035277,0.546104,0.029383,-0.002999,-0.000220,0.165536,-0.006448,-0.002099,0.000988,1.000000,1.000000,0.176444,,-0.032997,-0.036174,0.580061,0.381679,0.152349,0.163488,-0.052593,0.086560,0.331590,-0.058173,-0.017447,0.124953,0.329202,0.174301,0.038182,,0.257951,0.258133,0.053552,0.072404,0.176133,-0.052495,0.045318,0.006144,0.010531,0.176129,0.094380,0.684827,0.684827,0.164983,0.111940,0.112218,0.090301,0.089290,0.110197,0.110168,0.169258,0.002634,-0.014879,0.000106,0.003399,-0.013722,-0.001359,-0.036174
memory_mb,0.163790,0.473540,-0.014150,-0.036299,0.065243,0.065660,0.032390,0.168050,0.163489,0.046341,0.175557,0.145686,0.149377,0.160402,0.157313,0.381680,-0.540539,0.030446,0.546758,,0.174850,0.172030,0.167615,0.061107,0.328925,-0.052574,0.083126,0.126109,,0.545069,0.176219,0.112228,0.948624,0.020316,0.035974,0.176199,-0.020499,0.180909,0.171068,0.035276,0.546104,0.029383,-0.002999,-0.000220,0.165536,-0.006448,-0.002099,0.000988,1.000000,1.000000,0.176444,,-0.032997,-0.036174,0.580062,0.381680,0.152349,0.163489,-0.052593,0.086560,0.331590,-0.058173,-0.017447,0.124952,0.329202,0.174301,0.038182,,0.257952,0.258133,0.053552,0.072404,0.176133,-0.052495,0.045318,0.006144,0.010531,0.176129,0.094380,0.684828,0.684828,0.164983,0.111940,0.112218,0.090301,0.089290,0.110197,0.110169,0.169258,0.002634,-0.014879,0.000106,0.003399,-0.013722,-0.001359,-0.036174
min_bound,0.956989,0.327378,0.617400,0.048799,0.479739,0.482262,0.245708,0.964130,0.956725,0.253017,0.953751,0.420869,0.428965,0.434016,0.889700,0.506604,-0.364122,0.216767,0.295403,,0.978611,0.968848,0.943556,0.429564,0.507888,-0.163920,0.221933,0.766394,,0.312168,0.999991,0.645090,0.178850,0.135634,0.229782,0.999994,0.603343,0.983478,0.806407,0.242639,0.312671,0.095823,0.005158,-0.000869,0.829817,-0.016178,0.014242,0.002140,0.176444,0.176444,1.000000,,-0.211329,-0.230541,0.290336,0.506604,0.052940,0.956730,-0.164308,0.090527,0.485920,0.193450,-0.246983,0.166960,0.507651,0.978322,0.116640,,0.498338,0.498149,0.248756,0.479624,0.999993,-0.163524,0.180714,0.062032,0.075927,0.999994,0.395921,0.289664,0.289664,0.926372,0.603350,0.603626,0.561769,0.569938,0.598823,0.599284,0.977233,0.011081,-0.100536,-0.014921,0.025919,-0.099306,-0.000195,-0.230541
min_depth,,,,,,,,,,,,,,,,,,,,,,,,,,,,,,,,,,,,,,,,,,,,,,,,,,,,,,,,,,,,,,,,,,,,,,,,,,,,,,,,,,,,,,,,,,,,,,,,
min_value,-0.205290,-0.141404,-0.112064,0.097037,0.049135,0.040128,-0.277299,-0.169329,-0.204871,0.053349,-0.159157,-0.128558,-0.136713,-0.201704,-0.172833,-0.085443,0.058708,-0.562757,-0.049270,,-0.214768,-0.214030,-0.170767,0.157744,-0.085495,0.025459,-0.039966,-0.269888,,-0.054438,-0.211363,-0.313463,-0.031034,-0.289251,-0.432726,-0.211346,-0.131028,-0.199502,-0.274115,0.003807,-0.054565,-0.026338,0.273046,0.110739,-0.268232,0.127207,0.170112,0.077642,-0.032997,-0.032997,-0.211329,,1.000000,0.723848,-0.049200,-0.085443,-0.012348,-0.205109,0.020859,-0.021040,-0.075981,-0.014232,0.200442,0.120407,-0.085312,-0.216682,-0.032062,,-0.083689,-0.083500,-0.312447,0.073678,-0.211382,0.020474,-0.085569,-0.380624,-0.311793,-0.211358,-0.082331,-0.049121,-0.049121,-0.172386,-0.340910,-0.342078,-0.342254,-0.345745,-0.376778,-0.377568,-0.222449,-0.402692,0.085793,-0.036315,-0.247007,0.116735,-0.007955,0.723848
min_weight,-0.225733,-0.156738,-0.117248,0.045441,0.060507,0.041515,-0.260083,-0.184362,-0.224760,0.017603,-0.172302,-0.139402,-0.149403,-0.229063,-0.188613,-0.100037,0.064215,-0.773009,-0.053596,,-0.240284,-0.241470,-0.189086,0.143328,-0.100860,0.038814,-0.059993,-0.283252,,-0.059167,-0.230717,-0.349687,-0.033784,-0.327158,-0.355590,-0.230675,-0.137755,-0.216971,-0.312633,0.003912,-0.059439,-0.154810,0.126061,0.223300,-0.306080,-0.032854,0.065539,0.149728,-0.036174,-0.036174,-0.230541,,0.723848,1.000000,-0.058267,-0.100037,-0.013265,-0.225093,0.039839,-0.022496,-0.089835,-0.026313,0.330036,0.101414,-0.100669,-0.241865,-0.035616,,-0.099649,-0.099457,-0.342779,0.048705,-0.230718,0.038175,-0.195986,-0.318289,-0.401124,-0.230693,-0.110525,-0.057672,-0.057672,-0.190406,-0.376060,-0.375286,-0.376655,-0.379325,-0.413381,-0.414241,-0.246359,-0.256238,0.130064,-0.005262,-0.387811,0.150517,-0.014618,1.000000
nodes_explored,0.264369,0.291384,-0.025734,-0.059230,0.103304,0.103607,0.051965,0.275142,0.264501,0.071151,0.297065,0.281951,0.289653,0.291829,0.223821,0.560490,-0.387200,0.049119,0.321584,,0.302676,0.306657,0.285937,0.105744,0.564212,-0.086841,0.319251,0.200038,,0.330987,0.289962,0.220277,0.585970,-0.010836,0.058234,0.289922,-0.035340,0.301696,0.311639,0.045412,0.333587,0.052125,0.002666,0.001564,0.299899,-0.007185,0.002336,0.002886,0.580061,0.580062,0.290336,,-0.049200,-0.058267,1.000000,0.560490,0.123853,0.264501,-0.088468,0.067367,0.547094,-0.101044,-0.098955,0.196025,0.564121,0.301530,0.114550,,0.556377,0.556364,0.093370,0.126634,0.289842,-0.088329,0.079947,0.008457,0.017465,0.289836,0.242706,0.984507,0.984507,0.267147,0.187551,0.187080,0.141778,0.140530,0.181496,0.182120,0.287582,-0.002753,-0.032511,-0.004214,0.004075,-0.024082,-0.001595,-0.058267
nodes_generated,0.459605,0.596188,-0.049533,-0.101572,0.178941,0.179487,0.089703,0.481957,0.459738,0.125209,0.520632,0.487274,0.499915,0.503756,0.394982,1.000000,-0.768448,0.084254,0.665899,,0.523538,0.529280,0.497364,0.182615,0.991824,-0.152920,0.531882,0.348864,,0.675180,0.505943,0.374124,0.386176,-0.012115,0.099961,0.505878,-0.068614,0.527527,0.538141,0.080216,0.679355,0.091751,0.003825,0.002561,0.518013,-0.012623,0.003476,0.004818,0.381679,0.381680,0.506604,,-0.085443,-0.100037,0.560490,1.000000,0.066930,0.459737,-0.155347,0.115144,0.968489,-0.179486,-0.158809,0.346972,0.991928,0.521591,0.178504,,0.960256,0.960475,0.160231,0.217871,0.505729,-0.155110,0.140202,0.015380,0.030523,0.505722,0.401732,0.564868,0.564868,0.466207,0.324174,0.323479,0.245290,0.243143,0.313463,0.314443,0.498292,-0.003552,-0.054674,-0.006891,0.007478,-0.041262,-0.003024,-0.100037
nodes_pruned,0.073398,0.026137,-0.006156,-0.013270,0.025934,0.026068,0.013902,0.059423,0.073394,-0.004877,0.043995,-0.002273,-0.001373,0.013702,0.094918,0.066930,-0.029070,0.010978,0.025701,,0.061581,0.060181,0.068967,0.013859,0.044374,0.019584,0.089673,0.055023,,0.173519,0.052841,0.034729,0.302580,0.035872,0.013131,0.052860,-0.008585,0.038103,0.057181,0.004027,0.175482,-0.012344,-0.000937,0.000053,0.055780,-0.001887,-0.001500,-0.000000,0.152349,0.152349,0.052940,,-0.012348,-0.013265,0.123853,0.066930,1.000000,0.073393,0.019604,0.576715,0.025035,0.036557,0.039718,-0.013862,0.044331,0.061549,0.012172,,0.016133,0.016021,0.023159,0.016839,0.052859,0.019686,-0.012678,0.004120,0.004657,0.052857,0.061559,0.194484,0.194484,0.079837,0.049419,0.049653,0.054019,0.051123,0.047225,0.046849,0.063112,0.002020,-0.002394,0.003540,0.001652,-0.006233,0.000878,-0.013265
nonzero_value_states,0.999680,0.303833,0.594519,-0.014993,0.526984,0.528651,0.264729,0.930284,1.000000,0.141424,0.874901,0.271326,0.282797,0.318805,0.951322,0.459737,-0.315504,0.218451,0.266788,,0.985418,0.983661,0.959900,0.447944,0.459206,-0.000584,0.320079,0.802776,,0.291922,0.956184,0.627366,0.167698,0.216917,0.226123,0.956324,0.600911,0.890875,0.810854,0.162321,0.293268,-0.006020,0.005514,0.008007,0.837563,-0.027077,0.011628,0.010546,0.163488,0.163489,0.956730,,-0.205109,-0.225093,0.264501,0.459737,0.073393,1.000000,-0.000855,0.125382,0.436254,0.245871,-0.165016,0.079337,0.459204,0.986296,0.087106,,0.448526,0.448581,0.221107,0.495905,0.956324,0.000063,0.055718,0.068348,0.073743,0.956326,0.558443,0.266660,0.266660,0.964214,0.598626,0.598987,0.587898,0.588537,0.594068,0.593918,0.991737,0.015159,-0.084176,-0.003206,0.017687,-0.096984,-0.007819,-0.225093
pearson_corr,-0.000863,-0.046792,-0.014090,-0.551098,-0.000175,0.000342,0.289992,-0.091201,-0.000841,-0.887897,-0.152155,-0.395145,-0.400134,-0.400507,0.035781,-0.155347,0.120171,-0.029493,-0.082973,,-0.070592,-0.050204,-0.030350,-0.164140,-0.159672,0.998607,0.092455,0.108996,,-0.077899,-0.167961,-0.064361,-0.043354,0.366452,-0.031081,-0.166911,-0.012773,-0.246511,-0.014440,-0.785136,-0.076658,-0.627845,0.046813,-0.005313,-0.005496,-0.058901,0.015968,-0.006599,-0.052593,-0.052593,-0.164308,,0.020859,0.039839,-0.088468,-0.155347,0.019604,-0.000855,1.000000,0.033221,-0.145176,0.049798,0.432007,-0.491964,-0.158733,-0.065163,-0.111785,,-0.161410,-0.160417,-0.001283,-0.135166,-0.166925,0.999816,-0.623717,0.035209,-0.016030,-0.166891,0.163040,-0.082870,-0.082870,-0.000615,0.000662,-0.001404,0.082290,0.066923,-0.000686,-0.001263,-0.052389,-0.017517,0.076364,0.026617,-0.003865,-0.011506,0.002092,0.039839
pruned_by_bound,0.125365,0.045362,-0.010422,-0.022490,0.043987,0.044199,0.023575,0.101953,0.125384,-0.008076,0.075499,-0.003953,-0.002454,0.023181,0.163042,0.115144,-0.050706,0.018609,0.044821,,0.104908,0.102229,0.118030,0.023225,0.075895,0.033139,0.153267,0.094296,,0.300764,0.090360,0.058345,0.172843,0.061803,0.022301,0.090391,-0.014532,0.065203,0.096987,0.007322,0.304484,-0.020929,-0.001589,0.000192,0.094618,-0.003248,-0.002587,0.000029,0.086560,0.086560,0.090527,,-0.021040,-0.022496,0.067367,0.115144,0.576715,0.125382,0.033221,1.000000,0.043750,0.063815,0.069175,-0.023882,0.075878,0.104860,0.015813,,0.026782,0.026651,0.039737,0.028234,0.090388,0.033360,-0.021493,0.007009,0.007872,0.090387,0.103893,0.109361,0.109361,0.136816,0.084556,0.084968,0.092430,0.087487,0.080660,0.080035,0.107599,0.003435,-0.003964,0.005993,0.002700,-0.010589,0.001409,-0.022496
pruned_by_cap,0.436170,0.526739,-0.044448,-0.091576,0.171250,0.171869,0.084835,0.466532,0.436257,0.114668,0.508747,0.457176,0.469404,0.467390,0.369948,0.968489,-0.707739,0.076126,0.587804,,0.501639,0.506955,0.480081,0.180255,0.972880,-0.142784,0.539425,0.332283,,0.574274,0.485214,0.344296,0.329244,-0.020316,0.090036,0.485184,-0.061507,0.510123,0.511702,0.065506,0.580507,0.087605,0.005600,0.001269,0.493152,-0.009796,0.004482,0.003613,0.331590,0.331590,0.485920,,-0.075981,-0.089835,0.547094,0.968489,0.025035,0.436254,-0.145176,0.043750,1.000000,-0.169594,-0.159003,0.343774,0.974360,0.499802,0.055398,,0.956920,0.958681,0.139257,0.212070,0.485039,-0.144972,0.132637,0.012860,0.026779,0.485035,0.388989,0.544822,0.544822,0.445811,0.297649,0.296455,0.222708,0.220804,0.285879,0.287125,0.476214,-0.005533,-0.049943,-0.007806,0.007134,-0.036363,-0.002439,-0.089835
pruned_generated_ratio,0.246260,-0.159807,0.357565,0.456622,0.457951,0.464672,0.208364,0.162726,0.245881,0.155114,0.115865,-0.217299,-0.226655,-0.248592,0.231769,-0.179486,0.119301,0.163054,-0.099037,,0.181625,0.169695,0.158413,0.390353,-0.185086,0.048934,-0.098386,0.130665,,-0.082419,0.193932,-0.163490,-0.046259,0.069120,-0.008701,0.194058,0.496362,0.149065,-0.106060,0.180394,-0.083114,-0.006917,-0.041716,-0.052403,-0.063744,0.021965,-0.035186,-0.037534,-0.058173,-0.058173,0.193450,,-0.014232,-0.026313,-0.101044,-0.179486,0.036557,0.245871,0.049798,0.063815,-0.169594,1.000000,0.114531,-0.132902,-0.184700,0.183564,-0.068483,,-0.187811,-0.187431,-0.105065,0.408369,0.194333,0.049856,-0.032770,0.043974,0.054131,0.194346,-0.007532,-0.092710,-0.092710,0.184216,0.015308,0.016367,0.064309,0.066005,0.012974,0.012007,0.200471,0.064666,-0.005272,0.020990,0.080258,-0.011723,0.036716,-0.026313
ratio_entropy,-0.165129,-0.079308,-0.141695,-0.223140,0.021313,0.021073,0.024406,-0.193195,-0.164913,-0.355967,-0.210648,-0.257754,-0.271745,-0.222926,-0.109117,-0.158809,0.053022,-0.251554,-0.020686,,-0.242430,-0.242355,-0.178405,-0.050393,-0.175250,0.422199,-0.101292,-0.144818,,-0.006358,-0.248740,-0.373096,-0.003228,0.220226,-0.191324,-0.248303,-0.128962,-0.274518,-0.324339,-0.259108,-0.007281,-0.362936,0.001264,0.009528,-0.316585,-0.010640,-0.017576,0.000896,-0.017447,-0.017447,-0.246983,,0.200442,0.330036,-0.098955,-0.158809,0.039718,-0.165016,0.432007,0.069175,-0.159003,0.114531,1.000000,-0.183236,-0.174865,-0.237088,-0.066550,,-0.191297,-0.190950,-0.251507,-0.082573,-0.248315,0.430766,-0.422506,-0.042253,-0.105946,-0.248330,-0.071187,-0.086080,-0.086080,-0.152935,-0.276679,-0.275359,-0.242607,-0.259590,-0.287281,-0.290655,-0.228766,-0.008947,0.122036,0.047109,-0.053998,0.052940,0.028181,0.330036
residual_capacity,0.078996,0.179676,-0.106978,0.172199,0.321884,0.317688,-0.324639,0.108749,0.079379,0.413071,0.171090,0.207449,0.210182,0.211106,0.006032,0.346972,-0.287450,0.007356,0.212210,,0.125602,0.119051,0.077362,0.433599,0.350024,-0.489520,0.001854,-0.040728,,0.206040,0.168054,-0.078938,0.116707,-0.290188,-0.087863,0.167696,-0.122553,0.232602,0.055780,0.230867,0.204678,0.321922,0.002085,0.060696,0.054477,0.029615,0.011456,0.048199,0.124953,0.124952,0.166960,,0.120407,0.101414,0.196025,0.346972,-0.013862,0.079337,-0.491964,-0.023882,0.343774,-0.132902,-0.183236,1.000000,0.349023,0.121567,0.153104,,0.346062,0.345023,-0.216778,0.431530,0.167514,-0.492270,0.290470,-0.081280,-0.042186,0.167549,-0.045394,0.196665,0.196665,0.048663,-0.145680,-0.144867,-0.200806,-0.197468,-0.158591,-0.158685,0.100059,-0.038535,0.030251,-0.023193,-0.062676,0.079003,-0.055074,0.101414
right_branches,0.458959,0.517393,-0.049930,-0.102255,0.178444,0.178914,0.089563,0.481711,0.459204,0.126489,0.522169,0.498395,0.511645,0.513121,0.387520,0.991928,-0.688960,0.084817,0.572124,,0.527269,0.534720,0.499090,0.183960,0.999936,-0.155997,0.563002,0.347634,,0.576197,0.506994,0.383080,0.329145,-0.021382,0.100707,0.506922,-0.069214,0.529626,0.545211,0.079846,0.580917,0.093756,0.005138,0.003013,0.524444,-0.012298,0.004545,0.005249,0.329202,0.329202,0.507651,,-0.085312,-0.100669,0.564121,0.991928,0.044331,0.459204,-0.158733,0.075878,0.974360,-0.184700,-0.174865,0.349023,1.000000,0.525264,0.183589,,0.987759,0.987984,0.162493,0.219999,0.506774,-0.158499,0.142828,0.014979,0.030622,0.506771,0.418573,0.557352,0.557352,0.464968,0.325972,0.325113,0.244595,0.242628,0.314980,0.316054,0.500782,-0.004940,-0.056661,-0.008003,0.007078,-0.041720,-0.003065,-0.100669
selected_count,0.986770,0.323660,0.572820,-0.003201,0.489951,0.492990,0.264732,0.947732,0.986289,0.169448,0.913515,0.358940,0.372067,0.400909,0.920177,0.521591,-0.348226,0.226222,0.286221,,0.999938,0.998039,0.964959,0.424484,0.525324,-0.063042,0.337560,0.794622,,0.306307,0.977935,0.673410,0.175835,0.167633,0.239225,0.978029,0.565139,0.933543,0.855640,0.169492,0.307767,0.034794,0.002832,-0.004417,0.876843,-0.019960,0.010563,-0.000481,0.174301,0.174301,0.978322,,-0.216682,-0.241865,0.301530,0.521591,0.061549,0.986296,-0.065163,0.104860,0.499802,0.183564,-0.237088,0.121567,0.525264,1.000000,0.104556,,0.518354,0.518368,0.264285,0.481226,0.978019,-0.064240,0.108300,0.066374,0.080227,0.978022,0.557285,0.299600,0.299600,0.955648,0.629007,0.628718,0.602169,0.604478,0.624485,0.624745,0.998157,0.014573,-0.100275,-0.006434,0.030572,-0.103682,0.002004,-0.241865
skipped_by_bound,0.086345,0.023633,-0.018971,-0.038103,0.061668,0.060518,0.026979,0.066707,0.087100,0.080306,0.083121,0.125954,0.135246,0.169960,0.042541,0.178504,-0.018345,0.031827,0.012114,,0.105378,0.103962,0.061485,0.067089,0.194677,-0.112114,0.020838,0.058000,,0.082558,0.116898,0.091253,0.036884,-0.015261,0.034798,0.116808,-0.026678,0.135176,0.109094,0.054640,0.069643,0.058167,-0.012408,0.010183,0.103739,-0.019196,-0.008728,0.009778,0.038182,0.038182,0.116640,,-0.032062,-0.035616,0.114550,0.178504,0.012172,0.087106,-0.111785,0.015813,0.055398,-0.068483,-0.066550,0.153104,0.183589,0.104556,1.000000,,0.209974,0.197920,0.027646,0.080032,0.116790,-0.111744,0.082800,0.005771,0.011919,0.116787,0.013589,0.107139,0.107139,0.054237,0.057121,0.059059,0.036153,0.038168,0.067166,0.067229,0.098880,0.009709,-0.025191,0.005009,-0.004292,-0.019316,-0.007803,-0.035616
skipped_by_cap,,,,,,,,,,,,,,,,,,,,,,,,,,,,,,,,,,,,,,,,,,,,,,,,,,,,,,,,,,,,,,,,,,,,,,,,,,,,,,,,,,,,,,,,,,,,,,,,
skipped_children,0.448134,0.408949,-0.049557,-0.101316,0.174643,0.174981,0.087687,0.470270,0.448527,0.126689,0.512220,0.501742,0.515609,0.515058,0.369255,0.960256,-0.574980,0.084040,0.443823,,0.520397,0.529680,0.489441,0.182376,0.988025,-0.158382,0.586168,0.338354,,0.443259,0.497710,0.386005,0.252357,-0.032401,0.099802,0.497629,-0.068768,0.521465,0.541990,0.078647,0.448188,0.095146,0.006276,0.003736,0.520870,-0.012061,0.005498,0.005875,0.257951,0.257952,0.498338,,-0.083689,-0.099649,0.556377,0.960256,0.016133,0.448526,-0.161410,0.026782,0.956920,-0.187811,-0.191297,0.346062,0.987759,0.518354,0.209974,,1.000000,0.999924,0.161597,0.218728,0.497485,-0.161186,0.144282,0.014241,0.030226,0.497486,0.428137,0.536123,0.536123,0.452458,0.320905,0.319920,0.238155,0.236507,0.310119,0.311280,0.492949,-0.006243,-0.058190,-0.009010,0.006299,-0.041649,-0.003229,-0.099649
skipped_infeasible,0.448198,0.409702,-0.049445,-0.101097,0.174315,0.174668,0.087573,0.470637,0.448582,0.126003,0.512488,0.501445,0.515230,0.514241,0.369667,0.960475,-0.576226,0.083855,0.444810,,0.520406,0.529731,0.489923,0.181999,0.988111,-0.157377,0.587411,0.338492,,0.443358,0.497516,0.385848,0.252541,-0.032292,0.099620,0.497437,-0.068609,0.521102,0.542008,0.078161,0.448462,0.094657,0.006449,0.003617,0.520901,-0.011850,0.005622,0.005767,0.258133,0.258133,0.498149,,-0.083500,-0.099457,0.556364,0.960475,0.016021,0.448581,-0.160417,0.026651,0.958681,-0.187431,-0.190950,0.345023,0.987984,0.518368,0.197920,,0.999924,1.000000,0.161664,0.218282,0.497292,-0.160193,0.143609,0.014205,0.030153,0.497293,0.429066,0.536151,0.536151,0.452937,0.321010,0.319998,0.238311,0.236634,0.310070,0.311233,0.492970,-0.006382,-0.058022,-0.009096,0.006369,-0.041513,-0.003139,-0.099457
slack,0.220712,0.146372,0.171915,-0.164208,-0.319340,-0.322550,0.247193,0.272515,0.221004,-0.151810,0.252993,0.413754,0.431245,0.486122,0.279992,0.160231,-0.092972,0.237149,0.079281,,0.262696,0.260658,0.277719,-0.525215,0.162457,-0.000870,0.096969,0.487152,,0.087504,0.248602,0.757300,0.050231,0.330669,0.344695,0.248526,0.138587,0.234090,0.564469,-0.083255,0.088627,-0.009265,0.008478,0.012332,0.534544,-0.041316,0.017770,0.016165,0.053552,0.053552,0.248756,,-0.312447,-0.342779,0.093370,0.160231,0.023159,0.221107,-0.001283,0.039737,0.139257,-0.105065,-0.251507,-0.216778,0.162493,0.264285,0.027646,,0.161597,0.161664,1.000000,-0.389406,0.248539,0.000117,0.084877,0.104074,0.112259,0.248511,0.162731,0.088469,0.088469,0.280780,0.912829,0.913380,0.896466,0.897439,0.905857,0.905628,0.277125,0.022984,-0.128316,-0.004893,0.026769,-0.147840,-0.011934,-0.342779
solution_density,0.496509,0.127104,0.214323,0.291088,0.957428,0.967040,0.183005,0.368290,0.495961,0.382351,0.364944,0.014372,0.013847,-0.003161,0.338542,0.217871,-0.148294,0.231784,0.117574,,0.482673,0.485361,0.371955,0.958853,0.220440,-0.131399,0.128358,0.219836,,0.124493,0.479999,-0.006822,0.071051,-0.178393,-0.093529,0.480096,0.278597,0.466357,0.214791,0.278787,0.124480,0.102259,-0.011658,-0.051158,0.247957,0.052954,-0.006927,-0.039187,0.072404,0.072404,0.479624,,0.073678,0.048705,0.126634,0.217871,0.016839,0.495905,-0.135166,0.028234,0.212070,0.408369,-0.082573,0.431530,0.219999,0.481226,0.080032,,0.218728,0.218282,-0.389406,1.000000,0.480163,-0.135385,0.079278,-0.021000,0.010744,0.480199,0.211806,0.127377,0.127377,0.362236,-0.112145,-0.112722,-0.124005,-0.123225,-0.120829,-0.120808,0.467855,0.006458,0.004194,-0.011363,0.058960,0.024184,0.030492,0.048705
solution_value,0.956583,0.326759,0.617888,0.051396,0.479935,0.482460,0.245530,0.963866,0.956319,0.255566,0.953556,0.420759,0.428846,0.433778,0.889177,0.505729,-0.363470,0.217071,0.294867,,0.978321,0.968496,0.943100,0.430167,0.507015,-0.166521,0.221442,0.765748,,0.311633,0.999999,0.644741,0.178528,0.134478,0.229822,1.000000,0.603962,0.983659,0.805785,0.244875,0.312129,0.097555,0.004946,-0.000921,0.829231,-0.016060,0.014129,0.002119,0.176133,0.176133,0.999993,,-0.211382,-0.230718,0.289842,0.505729,0.052859,0.956324,-0.166925,0.090388,0.485039,0.194333,-0.248315,0.167514,0.506774,0.978019,0.116790,,0.497485,0.497292,0.248539,0.480163,1.000000,-0.166141,0.182419,0.062005,0.076064,1.000000,0.395128,0.289169,0.289169,0.925872,0.602995,0.603278,0.561419,0.569643,0.598500,0.598962,0.976924,0.011246,-0.100820,-0.014952,0.026046,-0.099293,-0.000171,-0.230718
spearman_corr,0.000061,-0.046262,-0.013665,-0.551142,-0.000481,0.000174,0.290825,-0.090560,0.000076,-0.888212,-0.151629,-0.394984,-0.399935,-0.399923,0.036591,-0.155110,0.120029,-0.028196,-0.082833,,-0.069673,-0.049263,-0.029623,-0.164860,-0.159438,0.998858,0.092773,0.110234,,-0.077727,-0.167176,-0.062991,-0.043255,0.367922,-0.029510,-0.166126,-0.012253,-0.245862,-0.013165,-0.785328,-0.076484,-0.626962,0.046752,-0.006913,-0.004239,-0.056944,0.016172,-0.008373,-0.052495,-0.052495,-0.163524,,0.020474,0.038175,-0.088329,-0.155110,0.019686,0.000063,0.999816,0.033360,-0.144972,0.049856,0.430766,-0.492270,-0.158499,-0.064240,-0.111744,,-0.161186,-0.160193,0.000117,-0.135385,-0.166141,1.000000,-0.623059,0.034298,-0.016395,-0.166106,0.163642,-0.082725,-0.082725,0.000154,0.002204,0.000128,0.083919,0.068546,0.001017,0.000442,-0.051436,-0.018249,0.076743,0.026788,-0.003161,-0.012064,0.004425,0.038175
std_ratio,0.056727,0.071264,0.057553,0.352612,-0.011338,-0.006525,-0.120437,0.124318,0.055654,0.574590,0.167711,0.326426,0.329709,0.325234,0.025073,0.140202,-0.107941,0.147520,0.076490,,0.111667,0.097463,0.076627,0.085274,0.143469,-0.622719,-0.058397,-0.010584,,0.072804,0.183058,0.128865,0.040850,-0.150608,0.090769,0.182399,0.053955,0.238767,0.084105,0.502600,0.071898,0.938894,0.012942,-0.059827,0.076756,0.094360,0.025394,-0.050326,0.045318,0.045318,0.180714,,-0.085569,-0.195986,0.079947,0.140202,-0.012678,0.055718,-0.623717,-0.021493,0.132637,-0.032770,-0.422506,0.290470,0.142828,0.108300,0.082800,,0.144282,0.143609,0.084877,0.079278,0.182419,-0.623059,1.000000,0.047727,0.110270,0.182401,-0.101834,0.075851,0.075851,0.053701,0.094292,0.092926,0.032812,0.045768,0.097496,0.098370,0.100600,0.014974,-0.084257,-0.025657,0.113435,-0.050758,0.013305,-0.195986
std_value,0.067771,0.023251,0.039179,0.036209,-0.007463,-0.013805,0.130438,0.051261,0.068241,-0.024810,0.044388,0.022473,0.024431,0.048937,0.062084,0.015380,-0.011026,0.246716,0.010302,,0.064789,0.064655,0.054722,-0.028014,0.015013,0.031859,0.009493,0.108235,,0.011991,0.061930,0.094712,0.006792,0.370275,0.348605,0.061961,0.050336,0.054183,0.082440,0.004814,0.011917,0.060039,0.024437,0.065736,0.081594,-0.059000,0.001267,0.037895,0.006144,0.006144,0.062032,,-0.380624,-0.318289,0.008457,0.015380,0.004120,0.068348,0.035209,0.007009,0.012860,0.043974,-0.042253,-0.081280,0.014979,0.066374,0.005771,,0.014241,0.014205,0.104074,-0.021000,0.062005,0.034298,0.047727,1.000000,0.785046,0.061992,0.027269,0.008742,0.008742,0.057773,0.113658,0.113944,0.117340,0.117882,0.124248,0.123991,0.070226,0.588488,-0.621157,0.021215,0.430381,-0.532087,-0.042565,-0.318289
std_weight,0.073122,0.033139,0.038743,0.070428,-0.007630,-0.014502,0.097337,0.059585,0.073608,0.012846,0.056228,0.043716,0.046970,0.077291,0.061645,0.030523,-0.019333,0.310764,0.016583,,0.079265,0.079357,0.062023,0.007903,0.030692,-0.016156,0.018808,0.093477,,0.018601,0.076031,0.108652,0.010549,0.262695,0.402663,0.076015,0.049543,0.072548,0.098302,0.010282,0.018600,0.127601,0.014558,0.069541,0.096934,-0.059000,0.004517,0.050402,0.010531,0.010531,0.075927,,-0.311793,-0.401124,0.017465,0.030523,0.004657,0.073743,-0.016030,0.007872,0.026779,0.054131,-0.105946,-0.042186,0.030622,0.080227,0.011919,,0.030226,0.030153,0.112259,0.010744,0.076064,-0.016395,0.110270,0.785046,1.000000,0.076053,0.037243,0.017212,0.017212,0.062402,0.122538,0.122905,0.122479,0.122886,0.134054,0.133681,0.081546,0.462997,-0.523280,0.007589,0.562072,-0.670614,-0.061038,-0.401124
sum_improvement_amount,0.956585,0.326740,0.617893,0.051382,0.479966,0.482491,0.245488,0.963868,0.956321,0.255556,0.953558,0.420741,0.428827,0.433743,0.889176,0.505722,-0.363447,0.217064,0.294841,,0.978324,0.968501,0.943102,0.430202,0.507011,-0.166484,0.221452,0.765739,,0.311608,0.999999,0.644720,0.178525,0.134442,0.229800,1.000000,0.603966,0.983658,0.805776,0.244855,0.312104,0.097534,0.004963,-0.000914,0.829223,-0.016059,0.014141,0.002125,0.176129,0.176129,0.999994,,-0.211358,-0.230693,0.289836,0.505722,0.052857,0.956326,-0.166891,0.090387,0.485035,0.194346,-0.248330,0.167549,0.506771,0.978022,0.116787,,0.497486,0.497293,0.248511,0.480199,1.000000,-0.166106,0.182401,0.061992,0.076053,1.000000,0.395135,0.289163,0.289163,0.925873,0.602973,0.603256,0.561399,0.569624,0.598475,0.598938,0.976926,0.011226,-0.100812,-0.014967,0.026035,-0.099280,-0.000179,-0.230693
tie_count,0.558611,0.149642,0.078305,-0.110332,0.222614,0.223773,0.118229,0.413781,0.558449,-0.071635,0.314603,0.045451,0.072763,0.166806,0.541112,0.401732,-0.147008,0.094288,0.133247,,0.557141,0.582984,0.565085,0.177260,0.417820,0.171690,0.711151,0.402006,,0.154406,0.395015,0.415375,0.090053,0.082673,0.109349,0.395172,0.086419,0.284199,0.574625,-0.038136,0.159325,-0.100260,0.017975,0.000415,0.569997,-0.003794,0.014865,0.002129,0.094380,0.094380,0.395921,,-0.082331,-0.110525,0.242706,0.401732,0.061559,0.558443,0.163040,0.103893,0.388989,-0.007532,-0.071187,-0.045394,0.418573,0.557285,0.013589,,0.428137,0.429066,0.162731,0.211806,0.395128,0.163642,-0.101834,0.027269,0.037243,0.395135,1.000000,0.232261,0.232261,0.579970,0.369817,0.366736,0.385891,0.363572,0.353925,0.353323,0.544847,-0.008257,-0.049088,-0.002365,0.012462,-0.046572,-0.001432,-0.110525
time_millis,0.266593,0.341913,-0.021003,-0.057719,0.106262,0.106621,0.053092,0.274796,0.266661,0.068418,0.293952,0.262481,0.270305,0.276623,0.230829,0.564868,-0.440339,0.048782,0.381806,,0.300673,0.303441,0.284842,0.107327,0.557371,-0.081472,0.302385,0.202430,,0.398590,0.289278,0.210431,0.699079,-0.002641,0.057594,0.289251,-0.030416,0.299285,0.304904,0.043562,0.401103,0.049006,0.001903,0.001322,0.294154,-0.007499,0.001577,0.002689,0.684827,0.684828,0.289664,,-0.049121,-0.057672,0.984507,0.564868,0.194484,0.266660,-0.082870,0.109361,0.544822,-0.092710,-0.086080,0.196665,0.557352,0.299600,0.107139,,0.536123,0.536151,0.088469,0.127377,0.289169,-0.082725,0.075851,0.008742,0.017212,0.289163,0.232261,1.000000,1.000000,0.268791,0.184339,0.183956,0.142599,0.141114,0.178868,0.179387,0.286727,-0.001890,-0.030744,-0.003321,0.004181,-0.023682,-0.001586,-0.057672
time_nanos,0.266593,0.341913,-0.021003,-0.057719,0.106262,0.106621,0.053092,0.274796,0.266661,0.068418,0.293952,0.262481,0.270305,0.276623,0.230829,0.564868,-0.440339,0.048782,0.381806,,0.300673,0.303441,0.284842,0.107327,0.557371,-0.081472,0.302385,0.202430,,0.398590,0.289278,0.210431,0.699079,-0.002641,0.057594,0.289251,-0.030416,0.299285,0.304904,0.043562,0.401103,0.049006,0.001903,0.001322,0.294154,-0.007499,0.001577,0.002689,0.684827,0.684828,0.289664,,-0.049121,-0.057672,0.984507,0.564868,0.194484,0.266660,-0.082870,0.109361,0.544822,-0.092710,-0.086080,0.196665,0.557352,0.299600,0.107139,,0.536123,0.536151,0.088469,0.127377,0.289169,-0.082725,0.075851,0.008742,0.017212,0.289163,0.232261,1.000000,1.000000,0.268791,0.184339,0.183956,0.142599,0.141114,0.178868,0.179387,0.286727,-0.001890,-0.030744,-0.003321,0.004181,-0.023682,-0.001586,-0.057672
total_evaluations,0.964134,0.294387,0.615918,-0.026438,0.386241,0.387957,0.202979,0.964699,0.964223,0.102732,0.907065,0.302113,0.311946,0.329668,0.986864,0.466207,-0.321730,0.163744,0.274599,,0.954896,0.950790,0.995347,0.326768,0.464581,-0.000400,0.337106,0.795914,,0.300093,0.925788,0.645039,0.172762,0.189421,0.189861,0.925894,0.581400,0.862766,0.809437,0.124298,0.301746,-0.003604,0.002193,0.002646,0.832248,-0.022413,0.006618,0.005220,0.164983,0.164983,0.926372,,-0.172386,-0.190406,0.267147,0.466207,0.079837,0.964214,-0.000615,0.136816,0.445811,0.184216,-0.152935,0.048663,0.464968,0.955648,0.054237,,0.452458,0.452937,0.280780,0.362236,0.925872,0.000154,0.053701,0.057773,0.062402,0.925873,0.579970,0.268791,0.268791,1.000000,0.632783,0.633052,0.618323,0.617804,0.608921,0.608401,0.962296,0.014945,-0.071238,-0.000918,0.018550,-0.081736,-0.003770,-0.190406
total_value,0.598522,0.246869,0.387779,-0.141857,-0.042885,-0.044128,0.314001,0.612037,0.598541,-0.066754,0.572017,0.451963,0.471274,0.531738,0.626453,0.324174,-0.207841,0.286355,0.176173,,0.627340,0.625122,0.628504,-0.243915,0.325920,0.001225,0.215774,0.734964,,0.193196,0.602987,0.884626,0.110978,0.361820,0.376492,0.602985,0.363185,0.563526,0.803713,-0.002254,0.194717,-0.008300,0.018178,0.004844,0.790256,-0.032697,0.027262,0.010053,0.111940,0.111940,0.603350,,-0.340910,-0.376060,0.187551,0.324174,0.049419,0.598626,0.000662,0.084556,0.297649,0.015308,-0.276679,-0.145680,0.325972,0.629007,0.057121,,0.320905,0.321010,0.912829,-0.112145,0.602995,0.002204,0.094292,0.113658,0.122538,0.602973,0.369817,0.184339,0.184339,0.632783,1.000000,0.999397,0.981679,0.982580,0.991741,0.991485,0.641684,0.017908,-0.140574,-0.012587,0.036060,-0.161590,-0.005958,-0.376060
total_weight,0.598529,0.247006,0.389337,-0.141088,-0.042213,-0.044155,0.313453,0.612102,0.598902,-0.065613,0.572953,0.452992,0.472143,0.532223,0.627023,0.323479,-0.208043,0.285811,0.176466,,0.627047,0.624640,0.628738,-0.244247,0.325085,-0.000953,0.213237,0.735101,,0.193710,0.603271,0.883690,0.111249,0.362028,0.377384,0.603268,0.364635,0.564093,0.801956,-0.000599,0.195194,-0.010144,0.009281,0.013502,0.788535,-0.045235,0.019455,0.017698,0.112218,0.112218,0.603626,,-0.342078,-0.375286,0.187080,0.323479,0.049653,0.598987,-0.001404,0.084968,0.296455,0.016367,-0.275359,-0.144867,0.325113,0.628718,0.059059,,0.319920,0.319998,0.913380,-0.112722,0.603278,0.000128,0.092926,0.113944,0.122905,0.603256,0.366736,0.183956,0.183956,0.633052,0.999397,1.000000,0.981482,0.982548,0.991764,0.991513,0.641532,0.025163,-0.140485,-0.005357,0.029307,-0.161860,-0.013066,-0.375286
unique_pairs,0.587991,0.213062,0.425470,-0.131694,-0.043298,-0.044103,0.325609,0.577457,0.587812,-0.131901,0.517626,0.276261,0.297441,0.379428,0.625277,0.245290,-0.155142,0.286940,0.138675,,0.599808,0.599628,0.605022,-0.255051,0.244479,0.083113,0.221330,0.748085,,0.158135,0.561286,0.837902,0.091024,0.398970,0.375497,0.561383,0.404053,0.504935,0.768433,-0.062456,0.159579,-0.058204,0.005447,-0.000577,0.761260,-0.039163,0.015219,0.004894,0.090301,0.090301,0.561769,,-0.342254,-0.376655,0.141778,0.245290,0.054019,0.587898,0.082290,0.092430,0.222708,0.064309,-0.242607,-0.200806,0.244595,0.602169,0.036153,,0.238155,0.238311,0.896466,-0.124005,0.561419,0.083919,0.032812,0.117340,0.122479,0.561399,0.385891,0.142599,0.142599,0.618323,0.981679,0.981482,1.000000,0.998931,0.977356,0.976814,0.619093,0.030250,-0.133786,0.001654,0.040402,-0.161167,-0.001271,-0.376655
unique_ratio_count,0.588599,0.212682,0.437837,-0.124640,-0.043597,-0.044441,0.326449,0.583426,0.588450,-0.116749,0.526378,0.286457,0.306504,0.380586,0.624239,0.243143,-0.154998,0.289044,0.137356,,0.602213,0.601095,0.605856,-0.253918,0.242539,0.067286,0.207185,0.751979,,0.155744,0.569525,0.839356,0.089614,0.395768,0.378326,0.569606,0.415124,0.516422,0.764850,-0.046936,0.157106,-0.048985,0.005074,-0.000176,0.757963,-0.039759,0.015277,0.005267,0.089290,0.089290,0.569938,,-0.345745,-0.379325,0.140530,0.243143,0.051123,0.588537,0.066923,0.087487,0.220804,0.066005,-0.259590,-0.197468,0.242628,0.604478,0.038168,,0.236507,0.236634,0.897439,-0.123225,0.569643,0.068546,0.045768,0.117882,0.122886,0.569624,0.363572,0.141114,0.141114,0.617804,0.982580,0.982548,0.998931,1.000000,0.979046,0.978678,0.621782,0.030571,-0.135111,0.000588,0.040029,-0.162210,-0.001484,-0.379325
unique_values,0.594109,0.251881,0.373354,-0.154161,-0.047566,-0.048475,0.341859,0.588318,0.593970,-0.071412,0.549878,0.434899,0.455829,0.532986,0.603614,0.313463,-0.202160,0.315689,0.171160,,0.622686,0.621042,0.604419,-0.261635,0.315067,-0.000020,0.202552,0.730100,,0.188097,0.598483,0.882052,0.107918,0.391821,0.412777,0.598483,0.360083,0.559306,0.799584,-0.001486,0.189421,-0.010702,0.005452,-0.000455,0.785794,-0.041232,0.017656,0.005151,0.110197,0.110197,0.598823,,-0.376778,-0.413381,0.181496,0.313463,0.047225,0.594068,-0.000686,0.080660,0.285879,0.012974,-0.287281,-0.158591,0.314980,0.624485,0.067166,,0.310119,0.310070,0.905857,-0.120829,0.598500,0.001017,0.097496,0.124248,0.134054,0.598475,0.353925,0.178868,0.178868,0.608921,0.991741,0.991764,0.977356,0.979046,1.000000,0.999475,0.637286,0.030625,-0.154032,-0.001384,0.043863,-0.177497,-0.000699,-0.413381
unique_weights,0.593945,0.252406,0.373357,-0.154154,-0.047654,-0.048553,0.342389,0.588364,0.593820,-0.070948,0.550294,0.436060,0.456973,0.533225,0.602653,0.314443,-0.202523,0.316349,0.171398,,0.622965,0.621289,0.604187,-0.261662,0.316140,-0.000646,0.203522,0.729855,,0.188167,0.598946,0.883138,0.107964,0.391194,0.413204,0.598946,0.360046,0.560066,0.800212,-0.000980,0.189512,-0.010304,0.005278,-0.000579,0.786392,-0.041442,0.017634,0.005219,0.110168,0.110169,0.599284,,-0.377568,-0.414241,0.182120,0.314443,0.046849,0.593918,-0.001263,0.080035,0.287125,0.012007,-0.290655,-0.158685,0.316054,0.624745,0.067229,,0.311280,0.311233,0.905628,-0.120808,0.598962,0.000442,0.098370,0.123991,0.133681,0.598938,0.353323,0.179387,0.179387,0.608401,0.991485,0.991513,0.976814,0.978678,0.999475,1.000000,0.637491,0.030554,-0.153933,-0.001798,0.043649,-0.177345,-0.001032,-0.414241
updates_per_cell,0.992134,0.316941,0.593007,-0.007281,0.485073,0.487932,0.268478,0.949183,0.991729,0.161774,0.908519,0.344026,0.356621,0.385811,0.934491,0.498292,-0.335739,0.228710,0.277735,,0.997843,0.995166,0.967638,0.412736,0.500830,-0.051101,0.322478,0.806378,,0.298556,0.976834,0.677820,0.171389,0.189748,0.244432,0.976929,0.588072,0.927026,0.849868,0.172023,0.299905,0.026898,0.002339,-0.003543,0.872377,-0.022001,0.010141,0.000460,0.169258,0.169258,0.977233,,-0.222449,-0.246359,0.287582,0.498292,0.063112,0.991737,-0.052389,0.107599,0.476214,0.200471,-0.228766,0.100059,0.500782,0.998157,0.098880,,0.492949,0.492970,0.277125,0.467855,0.976924,-0.051436,0.100600,0.070226,0.081546,0.976926,0.544847,0.286727,0.286727,0.962296,0.641684,0.641532,0.619093,0.621782,0.637286,0.637491,1.000000,0.016812,-0.099171,-0.004859,0.030125,-0.106013,0.001381,-0.246359
value_cv,0.017356,-0.009408,0.015767,0.049643,-0.022341,0.000540,0.062695,0.011285,0.015070,-0.033069,0.011575,0.003498,0.003154,0.017823,0.018721,-0.003552,-0.003176,0.194878,0.004532,,0.013555,0.011468,0.013260,0.007111,-0.004818,-0.019580,-0.014240,0.036960,,0.005846,0.011181,0.014109,0.003188,0.060689,0.091937,0.011190,0.019889,0.010624,0.007672,-0.025263,0.005408,0.012817,-0.775874,-0.258139,0.008121,-0.392355,-0.705094,-0.248894,0.002634,0.002634,0.011081,,-0.402692,-0.256238,-0.002753,-0.003552,0.002020,0.015159,-0.017517,0.003435,-0.005533,0.064666,-0.008947,-0.038535,-0.004940,0.014573,0.009709,,-0.006243,-0.006382,0.022984,0.006458,0.011246,-0.018249,0.014974,0.588488,0.462997,0.011226,-0.008257,-0.001890,-0.001890,0.014945,0.017908,0.025163,0.030250,0.030571,0.030625,0.030554,0.016812,1.000000,-0.323114,0.654831,0.522272,-0.263163,0.208584,-0.256238
value_kurtosis,-0.083964,-0.045254,-0.045800,-0.052492,0.016181,0.017732,-0.127516,-0.077138,-0.084137,-0.057775,-0.077841,-0.082274,-0.087638,-0.113416,-0.062939,-0.054674,0.028448,-0.102997,-0.021100,,-0.100545,-0.101201,-0.075008,0.031543,-0.056827,0.072287,-0.033770,-0.074420,,-0.022784,-0.100854,-0.142115,-0.012903,-0.024062,-0.135358,-0.100779,-0.050899,-0.102719,-0.128828,-0.068172,-0.022966,-0.067888,-0.005856,-0.003136,-0.125780,0.074771,0.004493,0.004541,-0.014879,-0.014879,-0.100536,,0.085793,0.130064,-0.032511,-0.054674,-0.002394,-0.084176,0.076364,-0.003964,-0.049943,-0.005272,0.122036,0.030251,-0.056661,-0.100275,-0.025191,,-0.058190,-0.058022,-0.128316,0.004194,-0.100820,0.076743,-0.084257,-0.621157,-0.523280,-0.100812,-0.049088,-0.030744,-0.030744,-0.071238,-0.140574,-0.140485,-0.133786,-0.135111,-0.154032,-0.153933,-0.099171,-0.323114,1.000000,-0.005616,-0.277627,0.796217,-0.008268,0.130064
value_skewness,-0.000644,-0.020725,-0.002687,-0.023998,-0.020800,0.003039,0.020093,-0.008778,-0.003208,-0.078584,-0.008286,-0.014500,-0.015000,-0.005161,0.002840,-0.006891,0.001652,0.002521,0.000282,,-0.006738,-0.007263,-0.003100,-0.014072,-0.007928,0.027432,-0.006802,0.005109,,0.002144,-0.015048,-0.011771,0.001147,0.045683,0.017074,-0.014983,-0.004523,-0.017318,-0.010904,-0.066916,0.001865,-0.037469,-0.802777,-0.271719,-0.010502,-0.475296,-0.884538,-0.318304,0.000106,0.000106,-0.014921,,-0.036315,-0.005262,-0.004214,-0.006891,0.003540,-0.003206,0.026617,0.005993,-0.007806,0.020990,0.047109,-0.023193,-0.008003,-0.006434,0.005009,,-0.009010,-0.009096,-0.004893,-0.011363,-0.014952,0.026788,-0.025657,0.021215,0.007589,-0.014967,-0.002365,-0.003321,-0.003321,-0.000918,-0.012587,-0.005357,0.001654,0.000588,-0.001384,-0.001798,-0.004859,0.654831,-0.005616,1.000000,0.235443,-0.009334,0.344584,-0.005262
weight_cv,0.024395,0.010577,0.011469,0.083792,-0.063356,0.003937,0.091918,0.018959,0.017552,-0.001536,0.016931,0.013138,0.014049,0.037995,0.017722,0.007478,-0.006981,0.292033,0.006952,,0.029820,0.029485,0.018739,0.041218,0.007014,-0.001545,0.002617,0.032322,,0.007022,0.026035,0.033271,0.004058,0.037239,0.012084,0.026010,0.019873,0.026708,0.031973,-0.022250,0.006938,0.157641,-0.307941,-0.768672,0.032041,0.359905,-0.274396,-0.699345,0.003399,0.003399,0.025919,,-0.247007,-0.387811,0.004075,0.007478,0.001652,0.017687,-0.003865,0.002700,0.007134,0.080258,-0.053998,-0.062676,0.007078,0.030572,-0.004292,,0.006299,0.006369,0.026769,0.058960,0.026046,-0.003161,0.113435,0.430381,0.562072,0.026035,0.012462,0.004181,0.004181,0.018550,0.036060,0.029307,0.040402,0.040029,0.043863,0.043649,0.030125,0.522272,-0.277627,0.235443,1.000000,-0.336953,0.638662,-0.387811
weight_kurtosis,-0.096595,-0.053633,-0.050198,0.018773,0.015622,0.020660,-0.170430,-0.079219,-0.096938,0.029594,-0.074427,-0.060629,-0.064967,-0.095432,-0.080814,-0.041262,0.024557,-0.120433,-0.020223,,-0.102973,-0.103336,-0.081303,0.051571,-0.041852,-0.011776,-0.025460,-0.120009,,-0.023258,-0.099240,-0.148621,-0.013217,-0.165599,-0.152872,-0.099251,-0.058953,-0.093868,-0.132659,-0.001994,-0.023317,-0.031435,-0.018056,-0.040005,-0.129919,0.085627,0.002207,-0.034746,-0.013722,-0.013722,-0.099306,,0.116735,0.150517,-0.024082,-0.041262,-0.006233,-0.096984,-0.011506,-0.010589,-0.036363,-0.011723,0.052940,0.079003,-0.041720,-0.103682,-0.019316,,-0.041649,-0.041513,-0.147840,0.024184,-0.099293,-0.012064,-0.050758,-0.532087,-0.670614,-0.099280,-0.046572,-0.023682,-0.023682,-0.081736,-0.161590,-0.161860,-0.161167,-0.162210,-0.177497,-0.177345,-0.106013,-0.263163,0.796217,-0.009334,-0.336953,1.000000,0.039136,0.150517
weight_skewness,-0.000518,-0.011637,-0.003262,0.018603,-0.064654,0.007880,0.067444,-0.001047,-0.007825,-0.020532,-0.002871,-0.002099,-0.002403,0.005393,-0.004316,-0.003024,0.002100,0.004310,-0.001577,,0.002095,0.001771,-0.003427,0.003500,-0.003148,0.007076,-0.001676,-0.003865,,-0.001661,-0.000165,-0.000901,-0.000875,-0.033949,-0.035098,-0.000181,-0.000037,0.001079,0.000831,-0.007494,-0.001670,0.029278,-0.301364,-0.828984,0.001182,0.462382,-0.322296,-0.901349,-0.001359,-0.001359,-0.000195,,-0.007955,-0.014618,-0.001595,-0.003024,0.000878,-0.007819,0.002092,0.001409,-0.002439,0.036716,0.028181,-0.055074,-0.003065,0.002004,-0.007803,,-0.003229,-0.003139,-0.011934,0.030492,-0.000171,0.004425,0.013305,-0.042565,-0.061038,-0.000179,-0.001432,-0.001586,-0.001586,-0.003770,-0.005958,-0.013066,-0.001271,-0.001484,-0.000699,-0.001032,0.001381,0.208584,-0.008268,0.344584,0.638662,0.039136,1.000000,-0.014618
zero_value_states,-0.225733,-0.156738,-0.117248,0.045441,0.060507,0.041515,-0.260083,-0.184362,-0.224760,0.017603,-0.172302,-0.139402,-0.149403,-0.229063,-0.188613,-0.100037,0.064215,-0.773009,-0.053596,,-0.240284,-0.241470,-0.189086,0.143328,-0.100860,0.038814,-0.059993,-0.283252,,-0.059167,-0.230717,-0.349687,-0.033784,-0.327158,-0.355590,-0.230675,-0.137755,-0.216971,-0.312633,0.003912,-0.059439,-0.154810,0.126061,0.223300,-0.306080,-0.032854,0.065539,0.149728,-0.036174,-0.036174,-0.230541,,0.723848,1.000000,-0.058267,-0.100037,-0.013265,-0.225093,0.039839,-0.022496,-0.089835,-0.026313,0.330036,0.101414,-0.100669,-0.241865,-0.035616,,-0.099649,-0.099457,-0.342779,0.048705,-0.230718,0.038175,-0.195986,-0.318289,-0.401124,-0.230693,-0.110525,-0.057672,-0.057672,-0.190406,-0.376060,-0.375286,-0.376655,-0.379325,-0.413381,-0.414241,-0.246359,-0.256238,0.130064,-0.005262,-0.387811,0.150517,-0.014618,1.000000
